timestamp,direction,travel_time,speed_mph,congestion_level,speed_vs_local,raw_html_snippet
2026-03-14 21:19:50 UTC,Outbound,6 minutes,52,Light,+18 MPH,Express Chi | Chicago Express Lane Status | Chicago Express Lane Status | Up to date information on the Chicago Kennedy Express lanes | Direction | Outbound | Travel Time | 6 minutes | Data unavailable | Speed | 52 MPH | Light Congestion | 18 MPH faster than Local | Gateway traffic information courtesy of the Illinois Depa
2026-03-14 21:58:57 UTC,Outbound,10 minutes,31,unknown,+3 MPH,Express Chi | Chicago Express Lane Status | Chicago Express Lane Status | Up to date information on the Chicago Kennedy Express lanes | Direction | Outbound | Travel Time | 10 minutes | Data unavailable | Speed | 31 MPH | Medium Congestion | 3 MPH faster than Local | Gateway traffic information courtesy of the Illinois Dep
2026-03-14 22:58:12 UTC,Outbound,Data unavailable,unavailable,Closed,unavailable,Express Chi | Chicago Express Lane Status | Chicago Express Lane Status | Up to date information on the Chicago Kennedy Express lanes | Direction | Outbound | Travel Time | Data unavailable | Speed | Data unavailable | Note: | Express lanes may be closed or data is temporarily unavailable. Please check back later. | Gate
2026-03-14 23:55:39 UTC,Outbound,Data unavailable,unavailable,Closed,unavailable,Express Chi | Chicago Express Lane Status | Chicago Express Lane Status | Up to date information on the Chicago Kennedy Express lanes | Direction | Outbound | Travel Time | Data unavailable | Speed | Data unavailable | Note: | Express lanes may be closed or data is temporarily unavailable. Please check back later. | Gate
2026-03-15 05:44:31 UTC,Inbound,5 minutes,55,Uncongested,+1 MPH,Express Chi | Chicago Express Lane Status | Chicago Express Lane Status | Up to date information on the Chicago Kennedy Express lanes | Direction | Inbound | Travel Time | 5 minutes | 5 min avg | 0 min | Speed | 55 MPH | Uncongested | 1 MPH faster than Local | Gateway traffic information courtesy of the Illinois Department o
2026-03-15 07:54:35 UTC,Inbound,4 minutes,55,Uncongested,+1 MPH,Express Chi | Chicago Express Lane Status | Chicago Express Lane Status | Up to date information on the Chicago Kennedy Express lanes | Direction | Inbound | Travel Time | 4 minutes | 5 min avg | Decreased by | 1 min | Speed | 55 MPH | Uncongested | 1 MPH faster than Local | Gateway traffic information courtesy of the Illinois
2026-03-15 09:50:56 UTC,Inbound,4 minutes,55,Uncongested,+1 MPH,Express Chi | Chicago Express Lane Status | Chicago Express Lane Status | Up to date information on the Chicago Kennedy Express lanes | Direction | Inbound | Travel Time | 4 minutes | 5 min avg | Decreased by | 1 min | Speed | 55 MPH | Uncongested | 1 MPH faster than Local | Gateway traffic information courtesy of the Illinois
2026-03-15 11:00:50 UTC,Inbound,5 minutes,55,Uncongested,+1 MPH,Express Chi | Chicago Express Lane Status | Chicago Express Lane Status | Up to date information on the Chicago Kennedy Express lanes | Direction | Inbound | Travel Time | 5 minutes | 5 min avg | 0 min | Speed | 55 MPH | Uncongested | 1 MPH faster than Local | Gateway traffic information courtesy of the Illinois Department o
2026-03-15 11:53:33 UTC,Inbound,5 minutes,55,Uncongested,+1 MPH,Express Chi | Chicago Express Lane Status | Chicago Express Lane Status | Up to date information on the Chicago Kennedy Express lanes | Direction | Inbound | Travel Time | 5 minutes | 5 min avg | 0 min | Speed | 55 MPH | Uncongested | 1 MPH faster than Local | Gateway traffic information courtesy of the Illinois Department o
2026-03-15 14:00:08 UTC,Inbound,5 minutes,55,Uncongested,+1 MPH,Express Chi | Chicago Express Lane Status | Chicago Express Lane Status | Up to date information on the Chicago Kennedy Express lanes | Direction | Inbound | Travel Time | 5 minutes | 5 min avg | 0 min | Speed | 55 MPH | Uncongested | 1 MPH faster than Local | Gateway traffic information courtesy of the Illinois Department o
2026-03-15 15:00:51 UTC,Inbound,5 minutes,55,Uncongested,+1 MPH,Express Chi | Chicago Express Lane Status | Chicago Express Lane Status | Up to date information on the Chicago Kennedy Express lanes | Direction | Inbound | Travel Time | 5 minutes | 8 min avg | Decreased by | 3 min | Speed | 55 MPH | Uncongested | 1 MPH faster than Local | Gateway traffic information courtesy of the Illinois
2026-03-15 15:58:20 UTC,Inbound,7 minutes,44,Light,+4 MPH,Express Chi | Chicago Express Lane Status | Chicago Express Lane Status | Up to date information on the Chicago Kennedy Express lanes | Direction | Inbound | Travel Time | 7 minutes | 9 min avg | Decreased by | 2 min | Speed | 44 MPH | Light Congestion | 4 MPH faster than Local | Gateway traffic information courtesy of the Ill
2026-03-15 17:02:03 UTC,Inbound,10 minutes,32,unknown,-17 MPH,Express Chi | Chicago Express Lane Status | Chicago Express Lane Status | Up to date information on the Chicago Kennedy Express lanes | Direction | Inbound | Travel Time | 10 minutes | 10 min avg | 0 min | Speed | 32 MPH | Medium Congestion | 17 MPH slower than Local | Gateway traffic information courtesy of the Illinois Dep
2026-03-15 17:59:26 UTC,Inbound,5 minutes,55,Uncongested,+2 MPH,Express Chi | Chicago Express Lane Status | Chicago Express Lane Status | Up to date information on the Chicago Kennedy Express lanes | Direction | Inbound | Travel Time | 5 minutes | 10 min avg | Decreased by | 5 min | Speed | 55 MPH | Uncongested | 2 MPH faster than Local | Gateway traffic information courtesy of the Illinoi
2026-03-15 19:41:48 UTC,Outbound,7 minutes,45,Light,+3 MPH,Express Chi | Chicago Express Lane Status | Chicago Express Lane Status | Up to date information on the Chicago Kennedy Express lanes | Direction | Outbound | Travel Time | 7 minutes | Data unavailable | Speed | 45 MPH | Light Congestion | 3 MPH faster than Local | Gateway traffic information courtesy of the Illinois Depar
2026-03-15 20:01:56 UTC,Outbound,7 minutes,39,Light,unavailable,Express Chi | Chicago Express Lane Status | Chicago Express Lane Status | Up to date information on the Chicago Kennedy Express lanes | Direction | Outbound | Travel Time | 7 minutes | Data unavailable | Speed | 39 MPH | Light Congestion | Same as Local | Gateway traffic information courtesy of the Illinois Department of T
2026-03-15 21:00:47 UTC,Outbound,4 minutes,55,Uncongested,unavailable,Express Chi | Chicago Express Lane Status | Chicago Express Lane Status | Up to date information on the Chicago Kennedy Express lanes | Direction | Outbound | Travel Time | 4 minutes | Data unavailable | Speed | 55 MPH | Uncongested | Same as Local | Gateway traffic information courtesy of the Illinois Department of Transp
2026-03-15 21:56:25 UTC,Outbound,4 minutes,55,Uncongested,unavailable,Express Chi | Chicago Express Lane Status | Chicago Express Lane Status | Up to date information on the Chicago Kennedy Express lanes | Direction | Outbound | Travel Time | 4 minutes | Data unavailable | Speed | 55 MPH | Uncongested | Same as Local | Gateway traffic information courtesy of the Illinois Department of Transp
2026-03-15 23:00:06 UTC,Outbound,6 minutes,45,Light,+3 MPH,Express Chi | Chicago Express Lane Status | Chicago Express Lane Status | Up to date information on the Chicago Kennedy Express lanes | Direction | Outbound | Travel Time | 6 minutes | Data unavailable | Speed | 45 MPH | Light Congestion | 3 MPH faster than Local | Gateway traffic information courtesy of the Illinois Depar
2026-03-15 23:57:47 UTC,Outbound,6 minutes,52,Light,+5 MPH,Express Chi | Chicago Express Lane Status | Chicago Express Lane Status | Up to date information on the Chicago Kennedy Express lanes | Direction | Outbound | Travel Time | 6 minutes | Data unavailable | Speed | 52 MPH | Light Congestion | 5 MPH faster than Local | Gateway traffic information courtesy of the Illinois Depar
2026-03-16 06:05:17 UTC,Inbound,4 minutes,55,Uncongested,+1 MPH,Express Chi | Chicago Express Lane Status | Chicago Express Lane Status | Up to date information on the Chicago Kennedy Express lanes | Direction | Inbound | Travel Time | 4 minutes | 5 min avg | Decreased by | 1 min | Speed | 55 MPH | Uncongested | 1 MPH faster than Local | Gateway traffic information courtesy of the Illinois
2026-03-16 09:48:14 UTC,Inbound,5 minutes,55,Uncongested,+4 MPH,Express Chi | Chicago Express Lane Status | Chicago Express Lane Status | Up to date information on the Chicago Kennedy Express lanes | Direction | Inbound | Travel Time | 5 minutes | 4 min avg | Increased by | 1 min | Speed | 55 MPH | Uncongested | 4 MPH faster than Local | Gateway traffic information courtesy of the Illinois
2026-03-16 12:02:47 UTC,Inbound,11 minutes,29,unknown,+5 MPH,Express Chi | Chicago Express Lane Status | Chicago Express Lane Status | Up to date information on the Chicago Kennedy Express lanes | Direction | Inbound | Travel Time | 11 minutes | 10 min avg | Increased by | 1 min | Speed | 29 MPH | Medium Congestion | 5 MPH faster than Local | Gateway traffic information courtesy of the 
2026-03-16 15:47:57 UTC,Inbound,5 minutes,55,Uncongested,+1 MPH,Express Chi | Chicago Express Lane Status | Chicago Express Lane Status | Up to date information on the Chicago Kennedy Express lanes | Direction | Inbound | Travel Time | 5 minutes | 9 min avg | Decreased by | 4 min | Speed | 55 MPH | Uncongested | 1 MPH faster than Local | Gateway traffic information courtesy of the Illinois
2026-03-16 19:36:38 UTC,Outbound,6 minutes,51,Light,+7 MPH,Express Chi | Chicago Express Lane Status | Chicago Express Lane Status | Up to date information on the Chicago Kennedy Express lanes | Direction | Outbound | Travel Time | 6 minutes | Data unavailable | Speed | 51 MPH | Light Congestion | 7 MPH faster than Local | Gateway traffic information courtesy of the Illinois Depar
2026-03-16 21:55:50 UTC,Outbound,5 minutes,55,Uncongested,+4 MPH,Express Chi | Chicago Express Lane Status | Chicago Express Lane Status | Up to date information on the Chicago Kennedy Express lanes | Direction | Outbound | Travel Time | 5 minutes | Data unavailable | Speed | 55 MPH | Uncongested | 4 MPH faster than Local | Gateway traffic information courtesy of the Illinois Department
2026-03-16 23:00:57 UTC,Outbound,5 minutes,55,Uncongested,unavailable,Express Chi | Chicago Express Lane Status | Chicago Express Lane Status | Up to date information on the Chicago Kennedy Express lanes | Direction | Outbound | Travel Time | 5 minutes | Data unavailable | Speed | 55 MPH | Uncongested | Same as Local | Gateway traffic information courtesy of the Illinois Department of Transp
2026-03-16 23:58:40 UTC,Outbound,5 minutes,55,Uncongested,unavailable,Express Chi | Chicago Express Lane Status | Chicago Express Lane Status | Up to date information on the Chicago Kennedy Express lanes | Direction | Outbound | Travel Time | 5 minutes | Data unavailable | Speed | 55 MPH | Uncongested | Same as Local | Gateway traffic information courtesy of the Illinois Department of Transp
2026-03-17 05:15:09 UTC,Inbound,4 minutes,55,Uncongested,+1 MPH,Express Chi | Chicago Express Lane Status | Chicago Express Lane Status | Up to date information on the Chicago Kennedy Express lanes | Direction | Inbound | Travel Time | 4 minutes | Data unavailable | Speed | 55 MPH | Uncongested | 1 MPH faster than Local | Gateway traffic information courtesy of the Illinois Department 
2026-03-17 08:03:14 UTC,Inbound,5 minutes,55,Uncongested,+1 MPH,Express Chi | Chicago Express Lane Status | Chicago Express Lane Status | Up to date information on the Chicago Kennedy Express lanes | Direction | Inbound | Travel Time | 5 minutes | 5 min avg | 0 min | Speed | 55 MPH | Uncongested | 1 MPH faster than Local | Gateway traffic information courtesy of the Illinois Department o
2026-03-17 11:11:01 UTC,Inbound,6 minutes,51,Light,-3 MPH,Express Chi | Chicago Express Lane Status | Chicago Express Lane Status | Up to date information on the Chicago Kennedy Express lanes | Direction | Inbound | Travel Time | 6 minutes | 7 min avg | Decreased by | 1 min | Speed | 51 MPH | Light Congestion | 3 MPH slower than Local | Gateway traffic information courtesy of the Ill
2026-03-17 14:43:08 UTC,Inbound,18 minutes,17,unknown,-1 MPH,Express Chi | Chicago Express Lane Status | Chicago Express Lane Status | Up to date information on the Chicago Kennedy Express lanes | Direction | Inbound | Travel Time | 18 minutes | 15 min avg | Increased by | 3 min | Speed | 17 MPH | Medium Congestion | 1 MPH slower than Local | Gateway traffic information courtesy of the 
2026-03-17 18:08:24 UTC,Inbound,Data unavailable,unavailable,Closed,unavailable,Express Chi | Chicago Express Lane Status | Chicago Express Lane Status | Up to date information on the Chicago Kennedy Express lanes | Direction | Inbound | Travel Time | Data unavailable | Speed | Data unavailable | Note: | Express lanes may be closed or data is temporarily unavailable. Please check back later. | Gatew
2026-03-17 20:03:56 UTC,Outbound,11 minutes,27,unknown,+3 MPH,Express Chi | Chicago Express Lane Status | Chicago Express Lane Status | Up to date information on the Chicago Kennedy Express lanes | Direction | Outbound | Travel Time | 11 minutes | Data unavailable | Speed | 27 MPH | Medium Congestion | 3 MPH faster than Local | Gateway traffic information courtesy of the Illinois Dep
2026-03-17 22:01:15 UTC,Outbound,15 minutes,19,unknown,-4 MPH,Express Chi | Chicago Express Lane Status | Chicago Express Lane Status | Up to date information on the Chicago Kennedy Express lanes | Direction | Outbound | Travel Time | 15 minutes | Data unavailable | Speed | 19 MPH | Medium Congestion | 4 MPH slower than Local | Gateway traffic information courtesy of the Illinois Dep
2026-03-17 23:49:58 UTC,Outbound,5 minutes,55,Uncongested,unavailable,Express Chi | Chicago Express Lane Status | Chicago Express Lane Status | Up to date information on the Chicago Kennedy Express lanes | Direction | Outbound | Travel Time | 5 minutes | Data unavailable | Speed | 55 MPH | Uncongested | Same as Local | Gateway traffic information courtesy of the Illinois Department of Transp
2026-03-18 05:20:38 UTC,Inbound,Data unavailable,unavailable,Closed,unavailable,Express Chi | Chicago Express Lane Status | Chicago Express Lane Status | Up to date information on the Chicago Kennedy Express lanes | Direction | Inbound | Travel Time | Data unavailable | Speed | Data unavailable | Note: | Express lanes may be closed or data is temporarily unavailable. Please check back later. | Gatew
2026-03-18 08:02:10 UTC,Inbound,Data unavailable,unavailable,Closed,unavailable,Express Chi | Chicago Express Lane Status | Chicago Express Lane Status | Up to date information on the Chicago Kennedy Express lanes | Direction | Inbound | Travel Time | Data unavailable | Speed | Data unavailable | Note: | Express lanes may be closed or data is temporarily unavailable. Please check back later. | Gatew
2026-03-18 11:12:48 UTC,Inbound,Data unavailable,unavailable,Closed,unavailable,Express Chi | Chicago Express Lane Status | Chicago Express Lane Status | Up to date information on the Chicago Kennedy Express lanes | Direction | Inbound | Travel Time | Data unavailable | Speed | Data unavailable | Note: | Express lanes may be closed or data is temporarily unavailable. Please check back later. | Gatew
2026-03-18 14:56:15 UTC,Inbound,15 minutes,20,unknown,-4 MPH,Express Chi | Chicago Express Lane Status | Chicago Express Lane Status | Up to date information on the Chicago Kennedy Express lanes | Direction | Inbound | Travel Time | 15 minutes | 13 min avg | Increased by | 2 min | Speed | 20 MPH | Medium Congestion | 4 MPH slower than Local | Gateway traffic information courtesy of the 
2026-03-18 18:11:17 UTC,Outbound,5 minutes,55,Uncongested,+2 MPH,Express Chi | Chicago Express Lane Status | Chicago Express Lane Status | Up to date information on the Chicago Kennedy Express lanes | Direction | Outbound | Travel Time | 5 minutes | Data unavailable | Speed | 55 MPH | Uncongested | 2 MPH faster than Local | Gateway traffic information courtesy of the Illinois Department
2026-03-18 19:57:56 UTC,Outbound,9 minutes,32,unknown,+22 MPH,Express Chi | Chicago Express Lane Status | Chicago Express Lane Status | Up to date information on the Chicago Kennedy Express lanes | Direction | Outbound | Travel Time | 9 minutes | Data unavailable | Speed | 32 MPH | Medium Congestion | 22 MPH faster than Local | Gateway traffic information courtesy of the Illinois Dep
2026-03-18 21:51:31 UTC,Outbound,15 minutes,20,unknown,+2 MPH,Express Chi | Chicago Express Lane Status | Chicago Express Lane Status | Up to date information on the Chicago Kennedy Express lanes | Direction | Outbound | Travel Time | 15 minutes | Data unavailable | Speed | 20 MPH | Medium Congestion | 2 MPH faster than Local | Gateway traffic information courtesy of the Illinois Dep
2026-03-18 23:02:20 UTC,Outbound,7 minutes,39,Light,-7 MPH,Express Chi | Chicago Express Lane Status | Chicago Express Lane Status | Up to date information on the Chicago Kennedy Express lanes | Direction | Outbound | Travel Time | 7 minutes | Data unavailable | Speed | 39 MPH | Light Congestion | 7 MPH slower than Local | Gateway traffic information courtesy of the Illinois Depar
2026-03-18 23:57:57 UTC,Outbound,4 minutes,55,Uncongested,unavailable,Express Chi | Chicago Express Lane Status | Chicago Express Lane Status | Up to date information on the Chicago Kennedy Express lanes | Direction | Outbound | Travel Time | 4 minutes | Data unavailable | Speed | 55 MPH | Uncongested | Same as Local | Gateway traffic information courtesy of the Illinois Department of Transp
2026-03-19 05:17:18 UTC,Outbound,Data unavailable,unavailable,Closed,unavailable,Express Chi | Chicago Express Lane Status | Chicago Express Lane Status | Up to date information on the Chicago Kennedy Express lanes | Direction | Outbound | Travel Time | Data unavailable | Speed | Data unavailable | Note: | Express lanes may be closed or data is temporarily unavailable. Please check back later. | Gate
2026-03-19 07:54:54 UTC,Inbound,5 minutes,55,Uncongested,+1 MPH,Express Chi | Chicago Express Lane Status | Chicago Express Lane Status | Up to date information on the Chicago Kennedy Express lanes | Direction | Inbound | Travel Time | 5 minutes | 5 min avg | 0 min | Speed | 55 MPH | Uncongested | 1 MPH faster than Local | Gateway traffic information courtesy of the Illinois Department o
2026-03-19 10:07:58 UTC,Inbound,4 minutes,55,Uncongested,+1 MPH,Express Chi | Chicago Express Lane Status | Chicago Express Lane Status | Up to date information on the Chicago Kennedy Express lanes | Direction | Inbound | Travel Time | 4 minutes | 5 min avg | Decreased by | 1 min | Speed | 55 MPH | Uncongested | 1 MPH faster than Local | Gateway traffic information courtesy of the Illinois
2026-03-19 11:53:51 UTC,Inbound,12 minutes,26,unknown,+3 MPH,Express Chi | Chicago Express Lane Status | Chicago Express Lane Status | Up to date information on the Chicago Kennedy Express lanes | Direction | Inbound | Travel Time | 12 minutes | 11 min avg | Increased by | 1 min | Speed | 26 MPH | Medium Congestion | 3 MPH faster than Local | Gateway traffic information courtesy of the 
2026-03-19 14:39:17 UTC,Inbound,17 minutes,18,unknown,-4 MPH,Express Chi | Chicago Express Lane Status | Chicago Express Lane Status | Up to date information on the Chicago Kennedy Express lanes | Direction | Inbound | Travel Time | 17 minutes | 15 min avg | Increased by | 2 min | Speed | 18 MPH | Medium Congestion | 4 MPH slower than Local | Gateway traffic information courtesy of the 
2026-03-19 17:45:08 UTC,Inbound,Data unavailable,unavailable,Closed,unavailable,Express Chi | Chicago Express Lane Status | Chicago Express Lane Status | Up to date information on the Chicago Kennedy Express lanes | Direction | Inbound | Travel Time | Data unavailable | Speed | Data unavailable | Note: | Express lanes may be closed or data is temporarily unavailable. Please check back later. | Gatew
2026-03-19 19:54:19 UTC,Outbound,13 minutes,23,unknown,+3 MPH,Express Chi | Chicago Express Lane Status | Chicago Express Lane Status | Up to date information on the Chicago Kennedy Express lanes | Direction | Outbound | Travel Time | 13 minutes | Data unavailable | Speed | 23 MPH | Medium Congestion | 3 MPH faster than Local | Gateway traffic information courtesy of the Illinois Dep
2026-03-19 21:49:09 UTC,Outbound,16 minutes,18,unknown,+1 MPH,Express Chi | Chicago Express Lane Status | Chicago Express Lane Status | Up to date information on the Chicago Kennedy Express lanes | Direction | Outbound | Travel Time | 16 minutes | Data unavailable | Speed | 18 MPH | Medium Congestion | 1 MPH faster than Local | Gateway traffic information courtesy of the Illinois Dep
2026-03-19 23:00:47 UTC,Outbound,11 minutes,27,unknown,+6 MPH,Express Chi | Chicago Express Lane Status | Chicago Express Lane Status | Up to date information on the Chicago Kennedy Express lanes | Direction | Outbound | Travel Time | 11 minutes | Data unavailable | Speed | 27 MPH | Medium Congestion | 6 MPH faster than Local | Gateway traffic information courtesy of the Illinois Dep
2026-03-19 23:58:22 UTC,Outbound,5 minutes,55,Uncongested,+9 MPH,Express Chi | Chicago Express Lane Status | Chicago Express Lane Status | Up to date information on the Chicago Kennedy Express lanes | Direction | Outbound | Travel Time | 5 minutes | Data unavailable | Speed | 55 MPH | Uncongested | 9 MPH faster than Local | Gateway traffic information courtesy of the Illinois Department
2026-03-20 05:08:56 UTC,Inbound,4 minutes,55,Uncongested,+1 MPH,Express Chi | Chicago Express Lane Status | Chicago Express Lane Status | Up to date information on the Chicago Kennedy Express lanes | Direction | Inbound | Travel Time | 4 minutes | Data unavailable | Speed | 55 MPH | Uncongested | 1 MPH faster than Local | Gateway traffic information courtesy of the Illinois Department 
2026-03-20 07:51:47 UTC,Inbound,5 minutes,55,Uncongested,+1 MPH,Express Chi | Chicago Express Lane Status | Chicago Express Lane Status | Up to date information on the Chicago Kennedy Express lanes | Direction | Inbound | Travel Time | 5 minutes | 5 min avg | 0 min | Speed | 55 MPH | Uncongested | 1 MPH faster than Local | Gateway traffic information courtesy of the Illinois Department o
2026-03-20 10:01:33 UTC,Inbound,4 minutes,55,Uncongested,+1 MPH,Express Chi | Chicago Express Lane Status | Chicago Express Lane Status | Up to date information on the Chicago Kennedy Express lanes | Direction | Inbound | Travel Time | 4 minutes | 4 min avg | 0 min | Speed | 55 MPH | Uncongested | 1 MPH faster than Local | Gateway traffic information courtesy of the Illinois Department o
2026-03-20 11:47:23 UTC,Inbound,6 minutes,53,Light,+5 MPH,Express Chi | Chicago Express Lane Status | Chicago Express Lane Status | Up to date information on the Chicago Kennedy Express lanes | Direction | Inbound | Travel Time | 6 minutes | 11 min avg | Decreased by | 5 min | Speed | 53 MPH | Light Congestion | 5 MPH faster than Local | Gateway traffic information courtesy of the Il
2026-03-20 14:31:41 UTC,Inbound,5 minutes,55,Uncongested,+6 MPH,Express Chi | Chicago Express Lane Status | Chicago Express Lane Status | Up to date information on the Chicago Kennedy Express lanes | Direction | Inbound | Travel Time | 5 minutes | 10 min avg | Decreased by | 5 min | Speed | 55 MPH | Uncongested | 6 MPH faster than Local | Gateway traffic information courtesy of the Illinoi
2026-03-20 17:06:53 UTC,Inbound,10 minutes,32,unknown,+2 MPH,Express Chi | Chicago Express Lane Status | Chicago Express Lane Status | Up to date information on the Chicago Kennedy Express lanes | Direction | Inbound | Travel Time | 10 minutes | 10 min avg | 0 min | Speed | 32 MPH | Medium Congestion | 2 MPH faster than Local | Gateway traffic information courtesy of the Illinois Depa
2026-03-20 19:27:25 UTC,Outbound,9 minutes,32,unknown,+2 MPH,Express Chi | Chicago Express Lane Status | Chicago Express Lane Status | Up to date information on the Chicago Kennedy Express lanes | Direction | Outbound | Travel Time | 9 minutes | Data unavailable | Speed | 32 MPH | Medium Congestion | 2 MPH faster than Local | Gateway traffic information courtesy of the Illinois Depa
2026-03-20 20:58:55 UTC,Outbound,15 minutes,20,unknown,+3 MPH,Express Chi | Chicago Express Lane Status | Chicago Express Lane Status | Up to date information on the Chicago Kennedy Express lanes | Direction | Outbound | Travel Time | 15 minutes | Data unavailable | Speed | 20 MPH | Medium Congestion | 3 MPH faster than Local | Gateway traffic information courtesy of the Illinois Dep
2026-03-20 21:56:49 UTC,Outbound,12 minutes,24,unknown,+6 MPH,Express Chi | Chicago Express Lane Status | Chicago Express Lane Status | Up to date information on the Chicago Kennedy Express lanes | Direction | Outbound | Travel Time | 12 minutes | Data unavailable | Speed | 24 MPH | Medium Congestion | 6 MPH faster than Local | Gateway traffic information courtesy of the Illinois Dep
2026-03-20 23:00:36 UTC,Outbound,5 minutes,55,Uncongested,+25 MPH,Express Chi | Chicago Express Lane Status | Chicago Express Lane Status | Up to date information on the Chicago Kennedy Express lanes | Direction | Outbound | Travel Time | 5 minutes | Data unavailable | Speed | 55 MPH | Uncongested | 25 MPH faster than Local | Gateway traffic information courtesy of the Illinois Departmen
2026-03-20 23:57:32 UTC,Inbound,Data unavailable,unavailable,Closed,unavailable,Express Chi | Chicago Express Lane Status | Chicago Express Lane Status | Up to date information on the Chicago Kennedy Express lanes | Direction | Inbound | Travel Time | Data unavailable | Speed | Data unavailable | Note: | Express lanes may be closed or data is temporarily unavailable. Please check back later. | Gatew
2026-03-21 04:54:59 UTC,unknown,unavailable,unavailable,Closed,unavailable,Express Chi | Chicago Express Lane Status | Chicago Express Lane Status | Up to date information on the Chicago Kennedy Express lanes | Status: | Closed | Gateway traffic information courtesy of the Illinois Department of Transportation | Made with ❤ by | Tësh
2026-03-21 07:10:49 UTC,unknown,unavailable,unavailable,Closed,unavailable,Express Chi | Chicago Express Lane Status | Chicago Express Lane Status | Up to date information on the Chicago Kennedy Express lanes | Status: | Closed | Gateway traffic information courtesy of the Illinois Department of Transportation | Made with ❤ by | Tësh
2026-03-21 07:57:14 UTC,unknown,unavailable,unavailable,Closed,unavailable,Express Chi | Chicago Express Lane Status | Chicago Express Lane Status | Up to date information on the Chicago Kennedy Express lanes | Status: | Closed | Gateway traffic information courtesy of the Illinois Department of Transportation | Made with ❤ by | Tësh
2026-03-21 09:02:48 UTC,unknown,unavailable,unavailable,Closed,unavailable,Express Chi | Chicago Express Lane Status | Chicago Express Lane Status | Up to date information on the Chicago Kennedy Express lanes | Status: | Closed | Gateway traffic information courtesy of the Illinois Department of Transportation | Made with ❤ by | Tësh
2026-03-21 09:58:10 UTC,unknown,unavailable,unavailable,Closed,unavailable,Express Chi | Chicago Express Lane Status | Chicago Express Lane Status | Up to date information on the Chicago Kennedy Express lanes | Status: | Closed | Gateway traffic information courtesy of the Illinois Department of Transportation | Made with ❤ by | Tësh
2026-03-21 10:56:43 UTC,unknown,unavailable,unavailable,Closed,unavailable,Express Chi | Chicago Express Lane Status | Chicago Express Lane Status | Up to date information on the Chicago Kennedy Express lanes | Status: | Closed | Gateway traffic information courtesy of the Illinois Department of Transportation | Made with ❤ by | Tësh
2026-03-21 11:46:01 UTC,unknown,unavailable,unavailable,Closed,unavailable,Express Chi | Chicago Express Lane Status | Chicago Express Lane Status | Up to date information on the Chicago Kennedy Express lanes | Status: | Closed | Gateway traffic information courtesy of the Illinois Department of Transportation | Made with ❤ by | Tësh
2026-03-21 13:54:47 UTC,unknown,unavailable,unavailable,Closed,unavailable,Express Chi | Chicago Express Lane Status | Chicago Express Lane Status | Up to date information on the Chicago Kennedy Express lanes | Status: | Closed | Gateway traffic information courtesy of the Illinois Department of Transportation | Made with ❤ by | Tësh
2026-03-21 14:56:23 UTC,unknown,unavailable,unavailable,Closed,unavailable,Express Chi | Chicago Express Lane Status | Chicago Express Lane Status | Up to date information on the Chicago Kennedy Express lanes | Status: | Closed | Gateway traffic information courtesy of the Illinois Department of Transportation | Made with ❤ by | Tësh
2026-03-21 15:50:30 UTC,unknown,unavailable,unavailable,Closed,unavailable,Express Chi | Chicago Express Lane Status | Chicago Express Lane Status | Up to date information on the Chicago Kennedy Express lanes | Status: | Closed | Gateway traffic information courtesy of the Illinois Department of Transportation | Made with ❤ by | Tësh
2026-03-21 16:58:48 UTC,unknown,unavailable,unavailable,Closed,unavailable,Express Chi | Chicago Express Lane Status | Chicago Express Lane Status | Up to date information on the Chicago Kennedy Express lanes | Status: | Closed | Gateway traffic information courtesy of the Illinois Department of Transportation | Made with ❤ by | Tësh
2026-03-21 17:53:51 UTC,unknown,unavailable,unavailable,Closed,unavailable,Express Chi | Chicago Express Lane Status | Chicago Express Lane Status | Up to date information on the Chicago Kennedy Express lanes | Status: | Closed | Gateway traffic information courtesy of the Illinois Department of Transportation | Made with ❤ by | Tësh
2026-03-21 19:03:51 UTC,unknown,unavailable,unavailable,Closed,unavailable,Express Chi | Chicago Express Lane Status | Chicago Express Lane Status | Up to date information on the Chicago Kennedy Express lanes | Status: | Closed | Gateway traffic information courtesy of the Illinois Department of Transportation | Made with ❤ by | Tësh
2026-03-21 19:49:10 UTC,unknown,unavailable,unavailable,Closed,unavailable,Express Chi | Chicago Express Lane Status | Chicago Express Lane Status | Up to date information on the Chicago Kennedy Express lanes | Status: | Closed | Gateway traffic information courtesy of the Illinois Department of Transportation | Made with ❤ by | Tësh
2026-03-21 20:54:35 UTC,Outbound,5 minutes,55,Uncongested,+1 MPH,Express Chi | Chicago Express Lane Status | Chicago Express Lane Status | Up to date information on the Chicago Kennedy Express lanes | Direction | Outbound | Travel Time | 5 minutes | Data unavailable | Speed | 55 MPH | Uncongested | 1 MPH faster than Local | Gateway traffic information courtesy of the Illinois Department
2026-03-21 21:48:57 UTC,Outbound,4 minutes,55,Uncongested,unavailable,Express Chi | Chicago Express Lane Status | Chicago Express Lane Status | Up to date information on the Chicago Kennedy Express lanes | Direction | Outbound | Travel Time | 4 minutes | Data unavailable | Speed | 55 MPH | Uncongested | Same as Local | Gateway traffic information courtesy of the Illinois Department of Transp
2026-03-21 22:54:54 UTC,Outbound,Data unavailable,unavailable,Closed,unavailable,Express Chi | Chicago Express Lane Status | Chicago Express Lane Status | Up to date information on the Chicago Kennedy Express lanes | Direction | Outbound | Travel Time | Data unavailable | Speed | Data unavailable | Note: | Express lanes may be closed or data is temporarily unavailable. Please check back later. | Gate
2026-03-21 23:50:22 UTC,Inbound,18 minutes,16,unknown,-3 MPH,Express Chi | Chicago Express Lane Status | Chicago Express Lane Status | Up to date information on the Chicago Kennedy Express lanes | Direction | Inbound | Travel Time | 18 minutes | 13 min avg | Increased by | 5 min | Speed | 16 MPH | Medium Congestion | 3 MPH slower than Local | Gateway traffic information courtesy of the 
2026-03-22 05:12:49 UTC,Outbound,Data unavailable,unavailable,Closed,unavailable,Express Chi | Chicago Express Lane Status | Chicago Express Lane Status | Up to date information on the Chicago Kennedy Express lanes | Direction | Outbound | Travel Time | Data unavailable | Speed | Data unavailable | Note: | Express lanes may be closed or data is temporarily unavailable. Please check back later. | Gate
2026-03-22 07:29:34 UTC,Inbound,4 minutes,55,Uncongested,+1 MPH,Express Chi | Chicago Express Lane Status | Chicago Express Lane Status | Up to date information on the Chicago Kennedy Express lanes | Direction | Inbound | Travel Time | 4 minutes | 5 min avg | Decreased by | 1 min | Speed | 55 MPH | Uncongested | 1 MPH faster than Local | Gateway traffic information courtesy of the Illinois
2026-03-22 08:02:18 UTC,Inbound,5 minutes,55,Uncongested,+1 MPH,Express Chi | Chicago Express Lane Status | Chicago Express Lane Status | Up to date information on the Chicago Kennedy Express lanes | Direction | Inbound | Travel Time | 5 minutes | 5 min avg | 0 min | Speed | 55 MPH | Uncongested | 1 MPH faster than Local | Gateway traffic information courtesy of the Illinois Department o
2026-03-22 09:50:40 UTC,Inbound,5 minutes,55,Uncongested,+1 MPH,Express Chi | Chicago Express Lane Status | Chicago Express Lane Status | Up to date information on the Chicago Kennedy Express lanes | Direction | Inbound | Travel Time | 5 minutes | 5 min avg | 0 min | Speed | 55 MPH | Uncongested | 1 MPH faster than Local | Gateway traffic information courtesy of the Illinois Department o
2026-03-22 10:56:56 UTC,Inbound,4 minutes,55,Uncongested,+1 MPH,Express Chi | Chicago Express Lane Status | Chicago Express Lane Status | Up to date information on the Chicago Kennedy Express lanes | Direction | Inbound | Travel Time | 4 minutes | 5 min avg | Decreased by | 1 min | Speed | 55 MPH | Uncongested | 1 MPH faster than Local | Gateway traffic information courtesy of the Illinois
2026-03-22 11:47:52 UTC,Inbound,4 minutes,55,Uncongested,+1 MPH,Express Chi | Chicago Express Lane Status | Chicago Express Lane Status | Up to date information on the Chicago Kennedy Express lanes | Direction | Inbound | Travel Time | 4 minutes | 5 min avg | Decreased by | 1 min | Speed | 55 MPH | Uncongested | 1 MPH faster than Local | Gateway traffic information courtesy of the Illinois
2026-03-22 13:55:37 UTC,Inbound,4 minutes,55,Uncongested,+1 MPH,Express Chi | Chicago Express Lane Status | Chicago Express Lane Status | Up to date information on the Chicago Kennedy Express lanes | Direction | Inbound | Travel Time | 4 minutes | 5 min avg | Decreased by | 1 min | Speed | 55 MPH | Uncongested | 1 MPH faster than Local | Gateway traffic information courtesy of the Illinois
2026-03-22 14:57:21 UTC,Inbound,5 minutes,55,Uncongested,+1 MPH,Express Chi | Chicago Express Lane Status | Chicago Express Lane Status | Up to date information on the Chicago Kennedy Express lanes | Direction | Inbound | Travel Time | 5 minutes | 8 min avg | Decreased by | 3 min | Speed | 55 MPH | Uncongested | 1 MPH faster than Local | Gateway traffic information courtesy of the Illinois
2026-03-22 15:50:58 UTC,Inbound,5 minutes,55,Uncongested,+7 MPH,Express Chi | Chicago Express Lane Status | Chicago Express Lane Status | Up to date information on the Chicago Kennedy Express lanes | Direction | Inbound | Travel Time | 5 minutes | 9 min avg | Decreased by | 4 min | Speed | 55 MPH | Uncongested | 7 MPH faster than Local | Gateway traffic information courtesy of the Illinois
2026-03-22 16:59:39 UTC,Inbound,5 minutes,55,Uncongested,+2 MPH,Express Chi | Chicago Express Lane Status | Chicago Express Lane Status | Up to date information on the Chicago Kennedy Express lanes | Direction | Inbound | Travel Time | 5 minutes | 10 min avg | Decreased by | 5 min | Speed | 55 MPH | Uncongested | 2 MPH faster than Local | Gateway traffic information courtesy of the Illinoi
2026-03-22 17:54:21 UTC,Inbound,6 minutes,49,Light,+9 MPH,Express Chi | Chicago Express Lane Status | Chicago Express Lane Status | Up to date information on the Chicago Kennedy Express lanes | Direction | Inbound | Travel Time | 6 minutes | 10 min avg | Decreased by | 4 min | Speed | 49 MPH | Light Congestion | 9 MPH faster than Local | Gateway traffic information courtesy of the Il
2026-03-22 19:05:40 UTC,Inbound,Data unavailable,unavailable,Closed,unavailable,Express Chi | Chicago Express Lane Status | Chicago Express Lane Status | Up to date information on the Chicago Kennedy Express lanes | Direction | Inbound | Travel Time | Data unavailable | Speed | Data unavailable | Note: | Express lanes may be closed or data is temporarily unavailable. Please check back later. | Gatew
2026-03-22 19:50:20 UTC,Inbound,Data unavailable,unavailable,Closed,unavailable,Express Chi | Chicago Express Lane Status | Chicago Express Lane Status | Up to date information on the Chicago Kennedy Express lanes | Direction | Inbound | Travel Time | Data unavailable | Speed | Data unavailable | Note: | Express lanes may be closed or data is temporarily unavailable. Please check back later. | Gatew
2026-03-22 20:56:39 UTC,Outbound,8 minutes,37,Light,-5 MPH,Express Chi | Chicago Express Lane Status | Chicago Express Lane Status | Up to date information on the Chicago Kennedy Express lanes | Direction | Outbound | Travel Time | 8 minutes | Data unavailable | Speed | 37 MPH | Light Congestion | 5 MPH slower than Local | Gateway traffic information courtesy of the Illinois Depar
2026-03-22 21:52:29 UTC,Outbound,5 minutes,55,Uncongested,unavailable,Express Chi | Chicago Express Lane Status | Chicago Express Lane Status | Up to date information on the Chicago Kennedy Express lanes | Direction | Outbound | Travel Time | 5 minutes | Data unavailable | Speed | 55 MPH | Uncongested | Same as Local | Gateway traffic information courtesy of the Illinois Department of Transp
2026-03-22 22:56:51 UTC,Outbound,9 minutes,32,unknown,-21 MPH,Express Chi | Chicago Express Lane Status | Chicago Express Lane Status | Up to date information on the Chicago Kennedy Express lanes | Direction | Outbound | Travel Time | 9 minutes | Data unavailable | Speed | 32 MPH | Medium Congestion | 21 MPH slower than Local | Gateway traffic information courtesy of the Illinois Dep
2026-03-22 23:56:58 UTC,Outbound,5 minutes,55,Uncongested,unavailable,Express Chi | Chicago Express Lane Status | Chicago Express Lane Status | Up to date information on the Chicago Kennedy Express lanes | Direction | Outbound | Travel Time | 5 minutes | Data unavailable | Speed | 55 MPH | Uncongested | Same as Local | Gateway traffic information courtesy of the Illinois Department of Transp
2026-03-23 05:48:43 UTC,unknown,unavailable,unavailable,Closed,unavailable,Express Chi | Chicago Express Lane Status | Chicago Express Lane Status | Up to date information on the Chicago Kennedy Express lanes | Status: | Closed | Gateway traffic information courtesy of the Illinois Department of Transportation | Made with ❤ by | Tësh
2026-03-23 08:38:35 UTC,Inbound,4 minutes,55,Uncongested,+1 MPH,Express Chi | Chicago Express Lane Status | Chicago Express Lane Status | Up to date information on the Chicago Kennedy Express lanes | Direction | Inbound | Travel Time | 4 minutes | 5 min avg | Decreased by | 1 min | Speed | 55 MPH | Uncongested | 1 MPH faster than Local | Gateway traffic information courtesy of the Illinois
2026-03-23 11:30:34 UTC,Inbound,5 minutes,55,Uncongested,+2 MPH,Express Chi | Chicago Express Lane Status | Chicago Express Lane Status | Up to date information on the Chicago Kennedy Express lanes | Direction | Inbound | Travel Time | 5 minutes | 8 min avg | Decreased by | 3 min | Speed | 55 MPH | Uncongested | 2 MPH faster than Local | Gateway traffic information courtesy of the Illinois
2026-03-23 15:17:13 UTC,Inbound,5 minutes,55,Uncongested,+1 MPH,Express Chi | Chicago Express Lane Status | Chicago Express Lane Status | Up to date information on the Chicago Kennedy Express lanes | Direction | Inbound | Travel Time | 5 minutes | 9 min avg | Decreased by | 4 min | Speed | 55 MPH | Uncongested | 1 MPH faster than Local | Gateway traffic information courtesy of the Illinois
2026-03-23 18:07:25 UTC,Outbound,4 minutes,55,Uncongested,unavailable,Express Chi | Chicago Express Lane Status | Chicago Express Lane Status | Up to date information on the Chicago Kennedy Express lanes | Direction | Outbound | Travel Time | 4 minutes | Data unavailable | Speed | 55 MPH | Uncongested | Same as Local | Gateway traffic information courtesy of the Illinois Department of Transp
2026-03-23 20:02:23 UTC,Outbound,8 minutes,34,unknown,-5 MPH,Express Chi | Chicago Express Lane Status | Chicago Express Lane Status | Up to date information on the Chicago Kennedy Express lanes | Direction | Outbound | Travel Time | 8 minutes | Data unavailable | Speed | 34 MPH | Medium Congestion | 5 MPH slower than Local | Gateway traffic information courtesy of the Illinois Depa
2026-03-23 21:52:33 UTC,Outbound,5 minutes,54,Light,+10 MPH,Express Chi | Chicago Express Lane Status | Chicago Express Lane Status | Up to date information on the Chicago Kennedy Express lanes | Direction | Outbound | Travel Time | 5 minutes | Data unavailable | Speed | 54 MPH | Light Congestion | 10 MPH faster than Local | Gateway traffic information courtesy of the Illinois Depa
2026-03-23 23:04:41 UTC,Outbound,5 minutes,55,Uncongested,unavailable,Express Chi | Chicago Express Lane Status | Chicago Express Lane Status | Up to date information on the Chicago Kennedy Express lanes | Direction | Outbound | Travel Time | 5 minutes | Data unavailable | Speed | 55 MPH | Uncongested | Same as Local | Gateway traffic information courtesy of the Illinois Department of Transp
2026-03-24 00:00:45 UTC,Outbound,5 minutes,55,Uncongested,unavailable,Express Chi | Chicago Express Lane Status | Chicago Express Lane Status | Up to date information on the Chicago Kennedy Express lanes | Direction | Outbound | Travel Time | 5 minutes | Data unavailable | Speed | 55 MPH | Uncongested | Same as Local | Gateway traffic information courtesy of the Illinois Department of Transp
2026-03-24 05:26:19 UTC,Outbound,Data unavailable,unavailable,Closed,unavailable,Express Chi | Chicago Express Lane Status | Chicago Express Lane Status | Up to date information on the Chicago Kennedy Express lanes | Direction | Outbound | Travel Time | Data unavailable | Speed | Data unavailable | Note: | Express lanes may be closed or data is temporarily unavailable. Please check back later. | Gate
2026-03-24 08:03:24 UTC,Inbound,4 minutes,55,Uncongested,+1 MPH,Express Chi | Chicago Express Lane Status | Chicago Express Lane Status | Up to date information on the Chicago Kennedy Express lanes | Direction | Inbound | Travel Time | 4 minutes | 5 min avg | Decreased by | 1 min | Speed | 55 MPH | Uncongested | 1 MPH faster than Local | Gateway traffic information courtesy of the Illinois
2026-03-24 11:11:59 UTC,Inbound,5 minutes,55,Uncongested,+1 MPH,Express Chi | Chicago Express Lane Status | Chicago Express Lane Status | Up to date information on the Chicago Kennedy Express lanes | Direction | Inbound | Travel Time | 5 minutes | 7 min avg | Decreased by | 2 min | Speed | 55 MPH | Uncongested | 1 MPH faster than Local | Gateway traffic information courtesy of the Illinois
2026-03-24 14:44:48 UTC,Inbound,7 minutes,44,Light,-4 MPH,Express Chi | Chicago Express Lane Status | Chicago Express Lane Status | Up to date information on the Chicago Kennedy Express lanes | Direction | Inbound | Travel Time | 7 minutes | 15 min avg | Decreased by | 8 min | Speed | 44 MPH | Light Congestion | 4 MPH slower than Local | Gateway traffic information courtesy of the Il
2026-03-24 18:07:16 UTC,Outbound,4 minutes,55,Uncongested,unavailable,Express Chi | Chicago Express Lane Status | Chicago Express Lane Status | Up to date information on the Chicago Kennedy Express lanes | Direction | Outbound | Travel Time | 4 minutes | Data unavailable | Speed | 55 MPH | Uncongested | Same as Local | Gateway traffic information courtesy of the Illinois Department of Transp
2026-03-24 20:02:38 UTC,Outbound,8 minutes,38,Light,+10 MPH,Express Chi | Chicago Express Lane Status | Chicago Express Lane Status | Up to date information on the Chicago Kennedy Express lanes | Direction | Outbound | Travel Time | 8 minutes | Data unavailable | Speed | 38 MPH | Light Congestion | 10 MPH faster than Local | Gateway traffic information courtesy of the Illinois Depa
2026-03-24 21:59:07 UTC,Outbound,8 minutes,38,Light,+4 MPH,Express Chi | Chicago Express Lane Status | Chicago Express Lane Status | Up to date information on the Chicago Kennedy Express lanes | Direction | Outbound | Travel Time | 8 minutes | Data unavailable | Speed | 38 MPH | Light Congestion | 4 MPH faster than Local | Gateway traffic information courtesy of the Illinois Depar
2026-03-24 23:03:21 UTC,Outbound,5 minutes,55,Uncongested,unavailable,Express Chi | Chicago Express Lane Status | Chicago Express Lane Status | Up to date information on the Chicago Kennedy Express lanes | Direction | Outbound | Travel Time | 5 minutes | Data unavailable | Speed | 55 MPH | Uncongested | Same as Local | Gateway traffic information courtesy of the Illinois Department of Transp
2026-03-25 00:01:02 UTC,Outbound,4 minutes,55,Uncongested,unavailable,Express Chi | Chicago Express Lane Status | Chicago Express Lane Status | Up to date information on the Chicago Kennedy Express lanes | Direction | Outbound | Travel Time | 4 minutes | Data unavailable | Speed | 55 MPH | Uncongested | Same as Local | Gateway traffic information courtesy of the Illinois Department of Transp
2026-03-25 05:26:09 UTC,Outbound,Data unavailable,unavailable,Closed,unavailable,Express Chi | Chicago Express Lane Status | Chicago Express Lane Status | Up to date information on the Chicago Kennedy Express lanes | Direction | Outbound | Travel Time | Data unavailable | Speed | Data unavailable | Note: | Express lanes may be closed or data is temporarily unavailable. Please check back later. | Gate
2026-03-25 08:03:22 UTC,Inbound,4 minutes,55,Uncongested,+1 MPH,Express Chi | Chicago Express Lane Status | Chicago Express Lane Status | Up to date information on the Chicago Kennedy Express lanes | Direction | Inbound | Travel Time | 4 minutes | 5 min avg | Decreased by | 1 min | Speed | 55 MPH | Uncongested | 1 MPH faster than Local | Gateway traffic information courtesy of the Illinois
2026-03-25 11:10:13 UTC,Inbound,5 minutes,55,Uncongested,+1 MPH,Express Chi | Chicago Express Lane Status | Chicago Express Lane Status | Up to date information on the Chicago Kennedy Express lanes | Direction | Inbound | Travel Time | 5 minutes | 7 min avg | Decreased by | 2 min | Speed | 55 MPH | Uncongested | 1 MPH faster than Local | Gateway traffic information courtesy of the Illinois
2026-03-25 14:45:00 UTC,Inbound,5 minutes,55,Uncongested,+5 MPH,Express Chi | Chicago Express Lane Status | Chicago Express Lane Status | Up to date information on the Chicago Kennedy Express lanes | Direction | Inbound | Travel Time | 5 minutes | 14 min avg | Decreased by | 9 min | Speed | 55 MPH | Uncongested | 5 MPH faster than Local | Gateway traffic information courtesy of the Illinoi
2026-03-25 18:09:05 UTC,Inbound,Data unavailable,unavailable,Closed,unavailable,Express Chi | Chicago Express Lane Status | Chicago Express Lane Status | Up to date information on the Chicago Kennedy Express lanes | Direction | Inbound | Travel Time | Data unavailable | Speed | Data unavailable | Note: | Express lanes may be closed or data is temporarily unavailable. Please check back later. | Gatew
2026-03-25 20:00:35 UTC,Outbound,5 minutes,55,Light,+19 MPH,Express Chi | Chicago Express Lane Status | Chicago Express Lane Status | Up to date information on the Chicago Kennedy Express lanes | Direction | Outbound | Travel Time | 5 minutes | Data unavailable | Speed | 55 MPH | Light Congestion | 19 MPH faster than Local | Gateway traffic information courtesy of the Illinois Depa
2026-03-25 22:01:49 UTC,Outbound,8 minutes,38,Light,+9 MPH,Express Chi | Chicago Express Lane Status | Chicago Express Lane Status | Up to date information on the Chicago Kennedy Express lanes | Direction | Outbound | Travel Time | 8 minutes | Data unavailable | Speed | 38 MPH | Light Congestion | 9 MPH faster than Local | Gateway traffic information courtesy of the Illinois Depar
2026-03-25 23:54:25 UTC,Outbound,5 minutes,55,Uncongested,unavailable,Express Chi | Chicago Express Lane Status | Chicago Express Lane Status | Up to date information on the Chicago Kennedy Express lanes | Direction | Outbound | Travel Time | 5 minutes | Data unavailable | Speed | 55 MPH | Uncongested | Same as Local | Gateway traffic information courtesy of the Illinois Department of Transp
2026-03-26 05:51:33 UTC,Outbound,Data unavailable,unavailable,Closed,unavailable,Express Chi | Chicago Express Lane Status | Chicago Express Lane Status | Up to date information on the Chicago Kennedy Express lanes | Direction | Outbound | Travel Time | Data unavailable | Speed | Data unavailable | Note: | Express lanes may be closed or data is temporarily unavailable. Please check back later. | Gate
2026-03-26 08:36:29 UTC,Inbound,4 minutes,55,Uncongested,+1 MPH,Express Chi | Chicago Express Lane Status | Chicago Express Lane Status | Up to date information on the Chicago Kennedy Express lanes | Direction | Inbound | Travel Time | 4 minutes | 5 min avg | Decreased by | 1 min | Speed | 55 MPH | Uncongested | 1 MPH faster than Local | Gateway traffic information courtesy of the Illinois
2026-03-26 11:38:07 UTC,Inbound,13 minutes,23,unknown,-24 MPH,Express Chi | Chicago Express Lane Status | Chicago Express Lane Status | Up to date information on the Chicago Kennedy Express lanes | Direction | Inbound | Travel Time | 13 minutes | 9 min avg | Increased by | 4 min | Speed | 23 MPH | Medium Congestion | 24 MPH slower than Local | Gateway traffic information courtesy of the 
2026-03-26 15:56:57 UTC,Inbound,5 minutes,55,Uncongested,+4 MPH,Express Chi | Chicago Express Lane Status | Chicago Express Lane Status | Up to date information on the Chicago Kennedy Express lanes | Direction | Inbound | Travel Time | 5 minutes | 10 min avg | Decreased by | 5 min | Speed | 55 MPH | Uncongested | 4 MPH faster than Local | Gateway traffic information courtesy of the Illinoi
2026-03-26 19:40:40 UTC,Outbound,13 minutes,22,unknown,+4 MPH,Express Chi | Chicago Express Lane Status | Chicago Express Lane Status | Up to date information on the Chicago Kennedy Express lanes | Direction | Outbound | Travel Time | 13 minutes | Data unavailable | Speed | 22 MPH | Medium Congestion | 4 MPH faster than Local | Gateway traffic information courtesy of the Illinois Dep
2026-03-26 21:04:07 UTC,Outbound,23 minutes,13,Heavy,-1 MPH,Express Chi | Chicago Express Lane Status | Chicago Express Lane Status | Up to date information on the Chicago Kennedy Express lanes | Direction | Outbound | Travel Time | 23 minutes | Data unavailable | Speed | 13 MPH | Heavy Congestion | 1 MPH slower than Local | Gateway traffic information courtesy of the Illinois Depa
2026-03-26 21:58:35 UTC,Outbound,19 minutes,15,unknown,unavailable,Express Chi | Chicago Express Lane Status | Chicago Express Lane Status | Up to date information on the Chicago Kennedy Express lanes | Direction | Outbound | Travel Time | 19 minutes | Data unavailable | Speed | 15 MPH | Medium Congestion | Same as Local | Gateway traffic information courtesy of the Illinois Department of
2026-03-26 23:00:23 UTC,Outbound,15 minutes,19,unknown,+2 MPH,Express Chi | Chicago Express Lane Status | Chicago Express Lane Status | Up to date information on the Chicago Kennedy Express lanes | Direction | Outbound | Travel Time | 15 minutes | Data unavailable | Speed | 19 MPH | Medium Congestion | 2 MPH faster than Local | Gateway traffic information courtesy of the Illinois Dep
2026-03-27 00:03:22 UTC,Outbound,5 minutes,55,Uncongested,+6 MPH,Express Chi | Chicago Express Lane Status | Chicago Express Lane Status | Up to date information on the Chicago Kennedy Express lanes | Direction | Outbound | Travel Time | 5 minutes | Data unavailable | Speed | 55 MPH | Uncongested | 6 MPH faster than Local | Gateway traffic information courtesy of the Illinois Department
2026-03-27 05:54:01 UTC,unknown,unavailable,unavailable,Closed,unavailable,Express Chi | Chicago Express Lane Status | Chicago Express Lane Status | Up to date information on the Chicago Kennedy Express lanes | Status: | Closed | Gateway traffic information courtesy of the Illinois Department of Transportation | Made with ❤ by | Tësh
2026-03-27 08:09:04 UTC,unknown,unavailable,unavailable,Closed,unavailable,Express Chi | Chicago Express Lane Status | Chicago Express Lane Status | Up to date information on the Chicago Kennedy Express lanes | Status: | Closed | Gateway traffic information courtesy of the Illinois Department of Transportation | Made with ❤ by | Tësh
2026-03-27 10:34:25 UTC,Inbound,4 minutes,55,Uncongested,+1 MPH,Express Chi | Chicago Express Lane Status | Chicago Express Lane Status | Up to date information on the Chicago Kennedy Express lanes | Direction | Inbound | Travel Time | 4 minutes | 5 min avg | Decreased by | 1 min | Speed | 55 MPH | Uncongested | 1 MPH faster than Local | Gateway traffic information courtesy of the Illinois
2026-03-27 14:17:38 UTC,Inbound,5 minutes,55,Uncongested,+1 MPH,Express Chi | Chicago Express Lane Status | Chicago Express Lane Status | Up to date information on the Chicago Kennedy Express lanes | Direction | Inbound | Travel Time | 5 minutes | 11 min avg | Decreased by | 6 min | Speed | 55 MPH | Uncongested | 1 MPH faster than Local | Gateway traffic information courtesy of the Illinoi
2026-03-27 17:34:45 UTC,unknown,unavailable,unavailable,Closed,unavailable,Express Chi | Chicago Express Lane Status | Chicago Express Lane Status | Up to date information on the Chicago Kennedy Express lanes | Status: | Closed | Gateway traffic information courtesy of the Illinois Department of Transportation | Made with ❤ by | Tësh
2026-03-27 19:50:45 UTC,Outbound,8 minutes,36,Light,+4 MPH,Express Chi | Chicago Express Lane Status | Chicago Express Lane Status | Up to date information on the Chicago Kennedy Express lanes | Direction | Outbound | Travel Time | 8 minutes | Data unavailable | Speed | 36 MPH | Light Congestion | 4 MPH faster than Local | Gateway traffic information courtesy of the Illinois Depar
2026-03-27 21:51:58 UTC,Outbound,5 minutes,55,Light,+5 MPH,Express Chi | Chicago Express Lane Status | Chicago Express Lane Status | Up to date information on the Chicago Kennedy Express lanes | Direction | Outbound | Travel Time | 5 minutes | Data unavailable | Speed | 55 MPH | Light Congestion | 5 MPH faster than Local | Gateway traffic information courtesy of the Illinois Depar
2026-03-27 23:06:03 UTC,Outbound,4 minutes,55,Uncongested,unavailable,Express Chi | Chicago Express Lane Status | Chicago Express Lane Status | Up to date information on the Chicago Kennedy Express lanes | Direction | Outbound | Travel Time | 4 minutes | Data unavailable | Speed | 55 MPH | Uncongested | Same as Local | Gateway traffic information courtesy of the Illinois Department of Transp
2026-03-27 23:59:08 UTC,Inbound,Data unavailable,unavailable,Closed,unavailable,Express Chi | Chicago Express Lane Status | Chicago Express Lane Status | Up to date information on the Chicago Kennedy Express lanes | Direction | Inbound | Travel Time | Data unavailable | Speed | Data unavailable | Note: | Express lanes may be closed or data is temporarily unavailable. Please check back later. | Gatew
2026-03-28 05:16:29 UTC,Inbound,5 minutes,55,Uncongested,+1 MPH,Express Chi | Chicago Express Lane Status | Chicago Express Lane Status | Up to date information on the Chicago Kennedy Express lanes | Direction | Inbound | Travel Time | 5 minutes | Data unavailable | Speed | 55 MPH | Uncongested | 1 MPH faster than Local | Gateway traffic information courtesy of the Illinois Department 
2026-03-28 07:51:38 UTC,Inbound,5 minutes,55,Uncongested,+1 MPH,Express Chi | Chicago Express Lane Status | Chicago Express Lane Status | Up to date information on the Chicago Kennedy Express lanes | Direction | Inbound | Travel Time | 5 minutes | 5 min avg | 0 min | Speed | 55 MPH | Uncongested | 1 MPH faster than Local | Gateway traffic information courtesy of the Illinois Department o
2026-03-28 09:54:44 UTC,Inbound,5 minutes,55,Uncongested,+1 MPH,Express Chi | Chicago Express Lane Status | Chicago Express Lane Status | Up to date information on the Chicago Kennedy Express lanes | Direction | Inbound | Travel Time | 5 minutes | 5 min avg | 0 min | Speed | 55 MPH | Uncongested | 1 MPH faster than Local | Gateway traffic information courtesy of the Illinois Department o
2026-03-28 11:03:08 UTC,Inbound,4 minutes,55,Uncongested,+1 MPH,Express Chi | Chicago Express Lane Status | Chicago Express Lane Status | Up to date information on the Chicago Kennedy Express lanes | Direction | Inbound | Travel Time | 4 minutes | 5 min avg | Decreased by | 1 min | Speed | 55 MPH | Uncongested | 1 MPH faster than Local | Gateway traffic information courtesy of the Illinois
2026-03-28 11:56:05 UTC,Inbound,5 minutes,55,Uncongested,+1 MPH,Express Chi | Chicago Express Lane Status | Chicago Express Lane Status | Up to date information on the Chicago Kennedy Express lanes | Direction | Inbound | Travel Time | 5 minutes | 5 min avg | 0 min | Speed | 55 MPH | Uncongested | 1 MPH faster than Local | Gateway traffic information courtesy of the Illinois Department o
2026-03-28 14:03:40 UTC,Inbound,5 minutes,55,Uncongested,+1 MPH,Express Chi | Chicago Express Lane Status | Chicago Express Lane Status | Up to date information on the Chicago Kennedy Express lanes | Direction | Inbound | Travel Time | 5 minutes | 8 min avg | Decreased by | 3 min | Speed | 55 MPH | Uncongested | 1 MPH faster than Local | Gateway traffic information courtesy of the Illinois
2026-03-28 15:53:28 UTC,Inbound,10 minutes,31,unknown,+1 MPH,Express Chi | Chicago Express Lane Status | Chicago Express Lane Status | Up to date information on the Chicago Kennedy Express lanes | Direction | Inbound | Travel Time | 10 minutes | 10 min avg | 0 min | Speed | 31 MPH | Medium Congestion | 1 MPH faster than Local | Gateway traffic information courtesy of the Illinois Depa
2026-03-28 17:04:01 UTC,Inbound,8 minutes,40,Light,+5 MPH,Express Chi | Chicago Express Lane Status | Chicago Express Lane Status | Up to date information on the Chicago Kennedy Express lanes | Direction | Inbound | Travel Time | 8 minutes | 10 min avg | Decreased by | 2 min | Speed | 40 MPH | Light Congestion | 5 MPH faster than Local | Gateway traffic information courtesy of the Il
2026-03-28 18:02:41 UTC,Inbound,8 minutes,38,Light,+10 MPH,Express Chi | Chicago Express Lane Status | Chicago Express Lane Status | Up to date information on the Chicago Kennedy Express lanes | Direction | Inbound | Travel Time | 8 minutes | 11 min avg | Decreased by | 3 min | Speed | 38 MPH | Light Congestion | 10 MPH faster than Local | Gateway traffic information courtesy of the I
2026-03-28 19:47:13 UTC,unknown,unavailable,unavailable,Closed,unavailable,Express Chi | Chicago Express Lane Status | Chicago Express Lane Status | Up to date information on the Chicago Kennedy Express lanes | Status: | Closed | Gateway traffic information courtesy of the Illinois Department of Transportation | Made with ❤ by | Tësh
2026-03-28 21:00:40 UTC,Outbound,4 minutes,55,Uncongested,unavailable,Express Chi | Chicago Express Lane Status | Chicago Express Lane Status | Up to date information on the Chicago Kennedy Express lanes | Direction | Outbound | Travel Time | 4 minutes | Data unavailable | Speed | 55 MPH | Uncongested | Same as Local | Gateway traffic information courtesy of the Illinois Department of Transp
2026-03-28 21:58:30 UTC,Outbound,5 minutes,55,Uncongested,+5 MPH,Express Chi | Chicago Express Lane Status | Chicago Express Lane Status | Up to date information on the Chicago Kennedy Express lanes | Direction | Outbound | Travel Time | 5 minutes | Data unavailable | Speed | 55 MPH | Uncongested | 5 MPH faster than Local | Gateway traffic information courtesy of the Illinois Department
2026-03-28 23:02:22 UTC,Inbound,Data unavailable,unavailable,Closed,unavailable,Express Chi | Chicago Express Lane Status | Chicago Express Lane Status | Up to date information on the Chicago Kennedy Express lanes | Direction | Inbound | Travel Time | Data unavailable | Speed | Data unavailable | Note: | Express lanes may be closed or data is temporarily unavailable. Please check back later. | Gatew
2026-03-29 00:02:40 UTC,Inbound,5 minutes,55,Uncongested,+14 MPH,Express Chi | Chicago Express Lane Status | Chicago Express Lane Status | Up to date information on the Chicago Kennedy Express lanes | Direction | Inbound | Travel Time | 5 minutes | 12 min avg | Decreased by | 7 min | Speed | 55 MPH | Uncongested | 14 MPH faster than Local | Gateway traffic information courtesy of the Illino
2026-03-29 05:56:02 UTC,Outbound,Data unavailable,unavailable,Closed,unavailable,Express Chi | Chicago Express Lane Status | Chicago Express Lane Status | Up to date information on the Chicago Kennedy Express lanes | Direction | Outbound | Travel Time | Data unavailable | Speed | Data unavailable | Note: | Express lanes may be closed or data is temporarily unavailable. Please check back later. | Gate
2026-03-29 08:02:39 UTC,Inbound,5 minutes,55,Uncongested,+1 MPH,Express Chi | Chicago Express Lane Status | Chicago Express Lane Status | Up to date information on the Chicago Kennedy Express lanes | Direction | Inbound | Travel Time | 5 minutes | 5 min avg | 0 min | Speed | 55 MPH | Uncongested | 1 MPH faster than Local | Gateway traffic information courtesy of the Illinois Department o
2026-03-29 10:01:50 UTC,Inbound,5 minutes,55,Uncongested,+1 MPH,Express Chi | Chicago Express Lane Status | Chicago Express Lane Status | Up to date information on the Chicago Kennedy Express lanes | Direction | Inbound | Travel Time | 5 minutes | 5 min avg | 0 min | Speed | 55 MPH | Uncongested | 1 MPH faster than Local | Gateway traffic information courtesy of the Illinois Department o
2026-03-29 11:44:58 UTC,Inbound,4 minutes,55,Uncongested,+1 MPH,Express Chi | Chicago Express Lane Status | Chicago Express Lane Status | Up to date information on the Chicago Kennedy Express lanes | Direction | Inbound | Travel Time | 4 minutes | 5 min avg | Decreased by | 1 min | Speed | 55 MPH | Uncongested | 1 MPH faster than Local | Gateway traffic information courtesy of the Illinois
2026-03-29 14:02:55 UTC,Inbound,4 minutes,55,Uncongested,+1 MPH,Express Chi | Chicago Express Lane Status | Chicago Express Lane Status | Up to date information on the Chicago Kennedy Express lanes | Direction | Inbound | Travel Time | 4 minutes | 6 min avg | Decreased by | 2 min | Speed | 55 MPH | Uncongested | 1 MPH faster than Local | Gateway traffic information courtesy of the Illinois
2026-03-29 15:50:02 UTC,Inbound,6 minutes,54,Light,+11 MPH,Express Chi | Chicago Express Lane Status | Chicago Express Lane Status | Up to date information on the Chicago Kennedy Express lanes | Direction | Inbound | Travel Time | 6 minutes | 9 min avg | Decreased by | 3 min | Speed | 54 MPH | Light Congestion | 11 MPH faster than Local | Gateway traffic information courtesy of the Il
2026-03-29 17:05:33 UTC,Inbound,10 minutes,29,unknown,-2 MPH,Express Chi | Chicago Express Lane Status | Chicago Express Lane Status | Up to date information on the Chicago Kennedy Express lanes | Direction | Inbound | Travel Time | 10 minutes | 10 min avg | 0 min | Speed | 29 MPH | Medium Congestion | 2 MPH slower than Local | Gateway traffic information courtesy of the Illinois Depa
2026-03-29 18:03:19 UTC,Inbound,15 minutes,20,unknown,-13 MPH,Express Chi | Chicago Express Lane Status | Chicago Express Lane Status | Up to date information on the Chicago Kennedy Express lanes | Direction | Inbound | Travel Time | 15 minutes | 10 min avg | Increased by | 5 min | Speed | 20 MPH | Medium Congestion | 13 MPH slower than Local | Gateway traffic information courtesy of the
2026-03-29 19:51:56 UTC,Outbound,5 minutes,54,Light,-1 MPH,Express Chi | Chicago Express Lane Status | Chicago Express Lane Status | Up to date information on the Chicago Kennedy Express lanes | Direction | Outbound | Travel Time | 5 minutes | Data unavailable | Speed | 54 MPH | Light Congestion | 1 MPH slower than Local | Gateway traffic information courtesy of the Illinois Depar
2026-03-29 21:03:00 UTC,Outbound,5 minutes,55,Uncongested,+12 MPH,Express Chi | Chicago Express Lane Status | Chicago Express Lane Status | Up to date information on the Chicago Kennedy Express lanes | Direction | Outbound | Travel Time | 5 minutes | Data unavailable | Speed | 55 MPH | Uncongested | 12 MPH faster than Local | Gateway traffic information courtesy of the Illinois Departmen
2026-03-29 22:03:42 UTC,Outbound,9 minutes,34,unknown,+12 MPH,Express Chi | Chicago Express Lane Status | Chicago Express Lane Status | Up to date information on the Chicago Kennedy Express lanes | Direction | Outbound | Travel Time | 9 minutes | Data unavailable | Speed | 34 MPH | Medium Congestion | 12 MPH faster than Local | Gateway traffic information courtesy of the Illinois Dep
2026-03-29 23:51:11 UTC,Outbound,4 minutes,55,Uncongested,unavailable,Express Chi | Chicago Express Lane Status | Chicago Express Lane Status | Up to date information on the Chicago Kennedy Express lanes | Direction | Outbound | Travel Time | 4 minutes | Data unavailable | Speed | 55 MPH | Uncongested | Same as Local | Gateway traffic information courtesy of the Illinois Department of Transp
2026-03-30 06:18:35 UTC,Outbound,Data unavailable,unavailable,Closed,unavailable,Express Chi | Chicago Express Lane Status | Chicago Express Lane Status | Up to date information on the Chicago Kennedy Express lanes | Direction | Outbound | Travel Time | Data unavailable | Speed | Data unavailable | Note: | Express lanes may be closed or data is temporarily unavailable. Please check back later. | Gate
2026-03-30 10:47:21 UTC,Inbound,4 minutes,55,Uncongested,+1 MPH,Express Chi | Chicago Express Lane Status | Chicago Express Lane Status | Up to date information on the Chicago Kennedy Express lanes | Direction | Inbound | Travel Time | 4 minutes | 6 min avg | Decreased by | 2 min | Speed | 55 MPH | Uncongested | 1 MPH faster than Local | Gateway traffic information courtesy of the Illinois
2026-03-30 14:54:18 UTC,Inbound,5 minutes,55,Uncongested,+9 MPH,Express Chi | Chicago Express Lane Status | Chicago Express Lane Status | Up to date information on the Chicago Kennedy Express lanes | Direction | Inbound | Travel Time | 5 minutes | 10 min avg | Decreased by | 5 min | Speed | 55 MPH | Uncongested | 9 MPH faster than Local | Gateway traffic information courtesy of the Illinoi
2026-03-30 18:06:00 UTC,Inbound,Data unavailable,unavailable,Closed,unavailable,Express Chi | Chicago Express Lane Status | Chicago Express Lane Status | Up to date information on the Chicago Kennedy Express lanes | Direction | Inbound | Travel Time | Data unavailable | Speed | Data unavailable | Note: | Express lanes may be closed or data is temporarily unavailable. Please check back later. | Gatew
2026-03-30 20:06:52 UTC,Outbound,5 minutes,55,Uncongested,+4 MPH,Express Chi | Chicago Express Lane Status | Chicago Express Lane Status | Up to date information on the Chicago Kennedy Express lanes | Direction | Outbound | Travel Time | 5 minutes | Data unavailable | Speed | 55 MPH | Uncongested | 4 MPH faster than Local | Gateway traffic information courtesy of the Illinois Department
2026-03-30 22:05:14 UTC,Outbound,5 minutes,53,Light,+2 MPH,Express Chi | Chicago Express Lane Status | Chicago Express Lane Status | Up to date information on the Chicago Kennedy Express lanes | Direction | Outbound | Travel Time | 5 minutes | Data unavailable | Speed | 53 MPH | Light Congestion | 2 MPH faster than Local | Gateway traffic information courtesy of the Illinois Depar
2026-03-30 23:54:53 UTC,Outbound,5 minutes,55,Uncongested,unavailable,Express Chi | Chicago Express Lane Status | Chicago Express Lane Status | Up to date information on the Chicago Kennedy Express lanes | Direction | Outbound | Travel Time | 5 minutes | Data unavailable | Speed | 55 MPH | Uncongested | Same as Local | Gateway traffic information courtesy of the Illinois Department of Transp
2026-03-31 05:56:11 UTC,unknown,unavailable,unavailable,Closed,unavailable,Express Chi | Chicago Express Lane Status | Chicago Express Lane Status | Up to date information on the Chicago Kennedy Express lanes | Status: | Closed | Gateway traffic information courtesy of the Illinois Department of Transportation | Made with ❤ by | Tësh
2026-03-31 09:45:40 UTC,Inbound,4 minutes,55,Uncongested,+1 MPH,Express Chi | Chicago Express Lane Status | Chicago Express Lane Status | Up to date information on the Chicago Kennedy Express lanes | Direction | Inbound | Travel Time | 4 minutes | 5 min avg | Decreased by | 1 min | Speed | 55 MPH | Uncongested | 1 MPH faster than Local | Gateway traffic information courtesy of the Illinois
2026-03-31 12:06:39 UTC,Inbound,16 minutes,19,unknown,-6 MPH,Express Chi | Chicago Express Lane Status | Chicago Express Lane Status | Up to date information on the Chicago Kennedy Express lanes | Direction | Inbound | Travel Time | 16 minutes | 12 min avg | Increased by | 4 min | Speed | 19 MPH | Medium Congestion | 6 MPH slower than Local | Gateway traffic information courtesy of the 
2026-03-31 16:13:21 UTC,Inbound,10 minutes,30,unknown,-2 MPH,Express Chi | Chicago Express Lane Status | Chicago Express Lane Status | Up to date information on the Chicago Kennedy Express lanes | Direction | Inbound | Travel Time | 10 minutes | 9 min avg | Increased by | 1 min | Speed | 30 MPH | Medium Congestion | 2 MPH slower than Local | Gateway traffic information courtesy of the I
2026-03-31 19:41:55 UTC,Outbound,5 minutes,55,Light,+10 MPH,Express Chi | Chicago Express Lane Status | Chicago Express Lane Status | Up to date information on the Chicago Kennedy Express lanes | Direction | Outbound | Travel Time | 5 minutes | Data unavailable | Speed | 55 MPH | Light Congestion | 10 MPH faster than Local | Gateway traffic information courtesy of the Illinois Depa
2026-03-31 21:57:11 UTC,Outbound,9 minutes,33,unknown,-10 MPH,Express Chi | Chicago Express Lane Status | Chicago Express Lane Status | Up to date information on the Chicago Kennedy Express lanes | Direction | Outbound | Travel Time | 9 minutes | Data unavailable | Speed | 33 MPH | Medium Congestion | 10 MPH slower than Local | Gateway traffic information courtesy of the Illinois Dep
2026-03-31 23:50:02 UTC,Outbound,5 minutes,55,Uncongested,unavailable,Express Chi | Chicago Express Lane Status | Chicago Express Lane Status | Up to date information on the Chicago Kennedy Express lanes | Direction | Outbound | Travel Time | 5 minutes | Data unavailable | Speed | 55 MPH | Uncongested | Same as Local | Gateway traffic information courtesy of the Illinois Department of Transp
2026-04-01 06:13:12 UTC,Inbound,5 minutes,55,Uncongested,+1 MPH,Express Chi | Chicago Express Lane Status | Chicago Express Lane Status | Up to date information on the Chicago Kennedy Express lanes | Direction | Inbound | Travel Time | 5 minutes | 5 min avg | 0 min | Speed | 55 MPH | Uncongested | 1 MPH faster than Local | Gateway traffic information courtesy of the Illinois Department o
2026-04-01 10:14:57 UTC,Inbound,4 minutes,55,Uncongested,+1 MPH,Express Chi | Chicago Express Lane Status | Chicago Express Lane Status | Up to date information on the Chicago Kennedy Express lanes | Direction | Inbound | Travel Time | 4 minutes | 4 min avg | 0 min | Speed | 55 MPH | Uncongested | 1 MPH faster than Local | Gateway traffic information courtesy of the Illinois Department o
2026-04-01 14:51:26 UTC,Inbound,14 minutes,22,unknown,-2 MPH,Express Chi | Chicago Express Lane Status | Chicago Express Lane Status | Up to date information on the Chicago Kennedy Express lanes | Direction | Inbound | Travel Time | 14 minutes | 13 min avg | Increased by | 1 min | Speed | 22 MPH | Medium Congestion | 2 MPH slower than Local | Gateway traffic information courtesy of the 
2026-04-01 17:39:07 UTC,Outbound,Data unavailable,unavailable,Closed,unavailable,Express Chi | Chicago Express Lane Status | Chicago Express Lane Status | Up to date information on the Chicago Kennedy Express lanes | Direction | Outbound | Travel Time | Data unavailable | Speed | Data unavailable | Note: | Express lanes may be closed or data is temporarily unavailable. Please check back later. | Gate
2026-04-01 20:05:53 UTC,Outbound,6 minutes,51,Light,+20 MPH,Express Chi | Chicago Express Lane Status | Chicago Express Lane Status | Up to date information on the Chicago Kennedy Express lanes | Direction | Outbound | Travel Time | 6 minutes | Data unavailable | Speed | 51 MPH | Light Congestion | 20 MPH faster than Local | Gateway traffic information courtesy of the Illinois Depa
2026-04-01 22:06:05 UTC,Outbound,10 minutes,28,unknown,+5 MPH,Express Chi | Chicago Express Lane Status | Chicago Express Lane Status | Up to date information on the Chicago Kennedy Express lanes | Direction | Outbound | Travel Time | 10 minutes | Data unavailable | Speed | 28 MPH | Medium Congestion | 5 MPH faster than Local | Gateway traffic information courtesy of the Illinois Dep
2026-04-01 23:52:21 UTC,Outbound,5 minutes,55,Uncongested,unavailable,Express Chi | Chicago Express Lane Status | Chicago Express Lane Status | Up to date information on the Chicago Kennedy Express lanes | Direction | Outbound | Travel Time | 5 minutes | Data unavailable | Speed | 55 MPH | Uncongested | Same as Local | Gateway traffic information courtesy of the Illinois Department of Transp
2026-04-02 05:51:16 UTC,Outbound,Data unavailable,unavailable,Closed,unavailable,Express Chi | Chicago Express Lane Status | Chicago Express Lane Status | Up to date information on the Chicago Kennedy Express lanes | Direction | Outbound | Travel Time | Data unavailable | Speed | Data unavailable | Note: | Express lanes may be closed or data is temporarily unavailable. Please check back later. | Gate
2026-04-02 09:39:54 UTC,Inbound,5 minutes,55,Uncongested,+1 MPH,Express Chi | Chicago Express Lane Status | Chicago Express Lane Status | Up to date information on the Chicago Kennedy Express lanes | Direction | Inbound | Travel Time | 5 minutes | 4 min avg | Increased by | 1 min | Speed | 55 MPH | Uncongested | 1 MPH faster than Local | Gateway traffic information courtesy of the Illinois
2026-04-02 12:02:16 UTC,Inbound,12 minutes,26,unknown,+2 MPH,Express Chi | Chicago Express Lane Status | Chicago Express Lane Status | Up to date information on the Chicago Kennedy Express lanes | Direction | Inbound | Travel Time | 12 minutes | 12 min avg | 0 min | Speed | 26 MPH | Medium Congestion | 2 MPH faster than Local | Gateway traffic information courtesy of the Illinois Depa
2026-04-02 15:41:41 UTC,Inbound,6 minutes,48,Light,+12 MPH,Express Chi | Chicago Express Lane Status | Chicago Express Lane Status | Up to date information on the Chicago Kennedy Express lanes | Direction | Inbound | Travel Time | 6 minutes | 11 min avg | Decreased by | 5 min | Speed | 48 MPH | Light Congestion | 12 MPH faster than Local | Gateway traffic information courtesy of the I
2026-04-02 18:06:01 UTC,Inbound,Data unavailable,unavailable,Closed,unavailable,Express Chi | Chicago Express Lane Status | Chicago Express Lane Status | Up to date information on the Chicago Kennedy Express lanes | Direction | Inbound | Travel Time | Data unavailable | Speed | Data unavailable | Note: | Express lanes may be closed or data is temporarily unavailable. Please check back later. | Gatew
2026-04-02 20:02:07 UTC,Outbound,8 minutes,34,unknown,+3 MPH,Express Chi | Chicago Express Lane Status | Chicago Express Lane Status | Up to date information on the Chicago Kennedy Express lanes | Direction | Outbound | Travel Time | 8 minutes | Data unavailable | Speed | 34 MPH | Medium Congestion | 3 MPH faster than Local | Gateway traffic information courtesy of the Illinois Depa
2026-04-02 21:59:35 UTC,Outbound,14 minutes,21,unknown,unavailable,Express Chi | Chicago Express Lane Status | Chicago Express Lane Status | Up to date information on the Chicago Kennedy Express lanes | Direction | Outbound | Travel Time | 14 minutes | Data unavailable | Speed | 21 MPH | Medium Congestion | Same as Local | Gateway traffic information courtesy of the Illinois Department of
2026-04-02 23:05:23 UTC,Outbound,10 minutes,31,unknown,-4 MPH,Express Chi | Chicago Express Lane Status | Chicago Express Lane Status | Up to date information on the Chicago Kennedy Express lanes | Direction | Outbound | Travel Time | 10 minutes | Data unavailable | Speed | 31 MPH | Medium Congestion | 4 MPH slower than Local | Gateway traffic information courtesy of the Illinois Dep
2026-04-03 05:26:10 UTC,Outbound,Data unavailable,unavailable,Closed,unavailable,Express Chi | Chicago Express Lane Status | Chicago Express Lane Status | Up to date information on the Chicago Kennedy Express lanes | Direction | Outbound | Travel Time | Data unavailable | Speed | Data unavailable | Note: | Express lanes may be closed or data is temporarily unavailable. Please check back later. | Gate
2026-04-03 08:10:05 UTC,Inbound,4 minutes,55,Uncongested,+1 MPH,Express Chi | Chicago Express Lane Status | Chicago Express Lane Status | Up to date information on the Chicago Kennedy Express lanes | Direction | Inbound | Travel Time | 4 minutes | 5 min avg | Decreased by | 1 min | Speed | 55 MPH | Uncongested | 1 MPH faster than Local | Gateway traffic information courtesy of the Illinois
2026-04-03 10:30:33 UTC,Inbound,4 minutes,55,Uncongested,+1 MPH,Express Chi | Chicago Express Lane Status | Chicago Express Lane Status | Up to date information on the Chicago Kennedy Express lanes | Direction | Inbound | Travel Time | 4 minutes | 5 min avg | Decreased by | 1 min | Speed | 55 MPH | Uncongested | 1 MPH faster than Local | Gateway traffic information courtesy of the Illinois
2026-04-03 12:04:14 UTC,Inbound,6 minutes,49,Light,-5 MPH,Express Chi | Chicago Express Lane Status | Chicago Express Lane Status | Up to date information on the Chicago Kennedy Express lanes | Direction | Inbound | Travel Time | 6 minutes | 11 min avg | Decreased by | 5 min | Speed | 49 MPH | Light Congestion | 5 MPH slower than Local | Gateway traffic information courtesy of the Il
2026-04-03 14:33:27 UTC,Inbound,5 minutes,55,Uncongested,+1 MPH,Express Chi | Chicago Express Lane Status | Chicago Express Lane Status | Up to date information on the Chicago Kennedy Express lanes | Direction | Inbound | Travel Time | 5 minutes | 10 min avg | Decreased by | 5 min | Speed | 55 MPH | Uncongested | 1 MPH faster than Local | Gateway traffic information courtesy of the Illinoi
2026-04-03 16:06:29 UTC,Inbound,13 minutes,22,unknown,-5 MPH,Express Chi | Chicago Express Lane Status | Chicago Express Lane Status | Up to date information on the Chicago Kennedy Express lanes | Direction | Inbound | Travel Time | 13 minutes | 10 min avg | Increased by | 3 min | Speed | 22 MPH | Medium Congestion | 5 MPH slower than Local | Gateway traffic information courtesy of the 
2026-04-03 17:58:11 UTC,Inbound,11 minutes,27,unknown,+6 MPH,Express Chi | Chicago Express Lane Status | Chicago Express Lane Status | Up to date information on the Chicago Kennedy Express lanes | Direction | Inbound | Travel Time | 11 minutes | 11 min avg | 0 min | Speed | 27 MPH | Medium Congestion | 6 MPH faster than Local | Gateway traffic information courtesy of the Illinois Depa
2026-04-03 19:54:58 UTC,Outbound,15 minutes,20,unknown,+8 MPH,Express Chi | Chicago Express Lane Status | Chicago Express Lane Status | Up to date information on the Chicago Kennedy Express lanes | Direction | Outbound | Travel Time | 15 minutes | Data unavailable | Speed | 20 MPH | Medium Congestion | 8 MPH faster than Local | Gateway traffic information courtesy of the Illinois Dep
2026-04-03 21:50:41 UTC,Outbound,10 minutes,29,unknown,+6 MPH,Express Chi | Chicago Express Lane Status | Chicago Express Lane Status | Up to date information on the Chicago Kennedy Express lanes | Direction | Outbound | Travel Time | 10 minutes | Data unavailable | Speed | 29 MPH | Medium Congestion | 6 MPH faster than Local | Gateway traffic information courtesy of the Illinois Dep
2026-04-03 23:05:16 UTC,Outbound,5 minutes,55,Uncongested,+7 MPH,Express Chi | Chicago Express Lane Status | Chicago Express Lane Status | Up to date information on the Chicago Kennedy Express lanes | Direction | Outbound | Travel Time | 5 minutes | Data unavailable | Speed | 55 MPH | Uncongested | 7 MPH faster than Local | Gateway traffic information courtesy of the Illinois Department
2026-04-04 00:03:16 UTC,Outbound,12 minutes,25,unknown,-30 MPH,Express Chi | Chicago Express Lane Status | Chicago Express Lane Status | Up to date information on the Chicago Kennedy Express lanes | Direction | Outbound | Travel Time | 12 minutes | Data unavailable | Speed | 25 MPH | Medium Congestion | 30 MPH slower than Local | Gateway traffic information courtesy of the Illinois De
2026-04-04 05:19:59 UTC,Outbound,Data unavailable,unavailable,Closed,unavailable,Express Chi | Chicago Express Lane Status | Chicago Express Lane Status | Up to date information on the Chicago Kennedy Express lanes | Direction | Outbound | Travel Time | Data unavailable | Speed | Data unavailable | Note: | Express lanes may be closed or data is temporarily unavailable. Please check back later. | Gate
2026-04-04 07:55:12 UTC,Outbound,Data unavailable,unavailable,Closed,unavailable,Express Chi | Chicago Express Lane Status | Chicago Express Lane Status | Up to date information on the Chicago Kennedy Express lanes | Direction | Outbound | Travel Time | Data unavailable | Speed | Data unavailable | Note: | Express lanes may be closed or data is temporarily unavailable. Please check back later. | Gate
2026-04-04 09:56:10 UTC,Inbound,5 minutes,55,Uncongested,+1 MPH,Express Chi | Chicago Express Lane Status | Chicago Express Lane Status | Up to date information on the Chicago Kennedy Express lanes | Direction | Inbound | Travel Time | 5 minutes | 5 min avg | 0 min | Speed | 55 MPH | Uncongested | 1 MPH faster than Local | Gateway traffic information courtesy of the Illinois Department o
2026-04-04 11:03:52 UTC,Inbound,5 minutes,55,Uncongested,+1 MPH,Express Chi | Chicago Express Lane Status | Chicago Express Lane Status | Up to date information on the Chicago Kennedy Express lanes | Direction | Inbound | Travel Time | 5 minutes | 5 min avg | 0 min | Speed | 55 MPH | Uncongested | 1 MPH faster than Local | Gateway traffic information courtesy of the Illinois Department o
2026-04-04 11:58:08 UTC,Inbound,5 minutes,55,Uncongested,+1 MPH,Express Chi | Chicago Express Lane Status | Chicago Express Lane Status | Up to date information on the Chicago Kennedy Express lanes | Direction | Inbound | Travel Time | 5 minutes | 5 min avg | 0 min | Speed | 55 MPH | Uncongested | 1 MPH faster than Local | Gateway traffic information courtesy of the Illinois Department o
2026-04-04 14:04:02 UTC,Inbound,5 minutes,55,Uncongested,+1 MPH,Express Chi | Chicago Express Lane Status | Chicago Express Lane Status | Up to date information on the Chicago Kennedy Express lanes | Direction | Inbound | Travel Time | 5 minutes | 8 min avg | Decreased by | 3 min | Speed | 55 MPH | Uncongested | 1 MPH faster than Local | Gateway traffic information courtesy of the Illinois
2026-04-04 15:49:20 UTC,Inbound,5 minutes,55,Uncongested,+14 MPH,Express Chi | Chicago Express Lane Status | Chicago Express Lane Status | Up to date information on the Chicago Kennedy Express lanes | Direction | Inbound | Travel Time | 5 minutes | 10 min avg | Decreased by | 5 min | Speed | 55 MPH | Uncongested | 14 MPH faster than Local | Gateway traffic information courtesy of the Illino
2026-04-04 17:19:00 UTC,Inbound,11 minutes,28,unknown,-9 MPH,Express Chi | Chicago Express Lane Status | Chicago Express Lane Status | Up to date information on the Chicago Kennedy Express lanes | Direction | Inbound | Travel Time | 11 minutes | 11 min avg | 0 min | Speed | 28 MPH | Medium Congestion | 9 MPH slower than Local | Gateway traffic information courtesy of the Illinois Depa
2026-04-04 19:21:46 UTC,Outbound,Data unavailable,unavailable,Closed,unavailable,Express Chi | Chicago Express Lane Status | Chicago Express Lane Status | Up to date information on the Chicago Kennedy Express lanes | Direction | Outbound | Travel Time | Data unavailable | Speed | Data unavailable | Note: | Express lanes may be closed or data is temporarily unavailable. Please check back later. | Gate
2026-04-04 20:01:20 UTC,Outbound,5 minutes,55,Uncongested,unavailable,Express Chi | Chicago Express Lane Status | Chicago Express Lane Status | Up to date information on the Chicago Kennedy Express lanes | Direction | Outbound | Travel Time | 5 minutes | Data unavailable | Speed | 55 MPH | Uncongested | Same as Local | Gateway traffic information courtesy of the Illinois Department of Transp
2026-04-04 21:48:34 UTC,Outbound,5 minutes,55,Uncongested,unavailable,Express Chi | Chicago Express Lane Status | Chicago Express Lane Status | Up to date information on the Chicago Kennedy Express lanes | Direction | Outbound | Travel Time | 5 minutes | Data unavailable | Speed | 55 MPH | Uncongested | Same as Local | Gateway traffic information courtesy of the Illinois Department of Transp
2026-04-04 23:01:54 UTC,Inbound,11 minutes,28,unknown,unavailable,Express Chi | Chicago Express Lane Status | Chicago Express Lane Status | Up to date information on the Chicago Kennedy Express lanes | Direction | Inbound | Travel Time | 11 minutes | 12 min avg | Decreased by | 1 min | Speed | 28 MPH | Medium Congestion | Same as Local | Gateway traffic information courtesy of the Illinois D
2026-04-05 00:02:52 UTC,Inbound,5 minutes,55,Uncongested,+1 MPH,Express Chi | Chicago Express Lane Status | Chicago Express Lane Status | Up to date information on the Chicago Kennedy Express lanes | Direction | Inbound | Travel Time | 5 minutes | 12 min avg | Decreased by | 7 min | Speed | 55 MPH | Uncongested | 1 MPH faster than Local | Gateway traffic information courtesy of the Illinoi
2026-04-05 05:58:15 UTC,Inbound,4 minutes,55,Uncongested,+1 MPH,Express Chi | Chicago Express Lane Status | Chicago Express Lane Status | Up to date information on the Chicago Kennedy Express lanes | Direction | Inbound | Travel Time | 4 minutes | 5 min avg | Decreased by | 1 min | Speed | 55 MPH | Uncongested | 1 MPH faster than Local | Gateway traffic information courtesy of the Illinois
2026-04-05 08:04:02 UTC,Inbound,4 minutes,55,Uncongested,+1 MPH,Express Chi | Chicago Express Lane Status | Chicago Express Lane Status | Up to date information on the Chicago Kennedy Express lanes | Direction | Inbound | Travel Time | 4 minutes | 5 min avg | Decreased by | 1 min | Speed | 55 MPH | Uncongested | 1 MPH faster than Local | Gateway traffic information courtesy of the Illinois
2026-04-05 10:03:36 UTC,Inbound,4 minutes,55,Uncongested,+1 MPH,Express Chi | Chicago Express Lane Status | Chicago Express Lane Status | Up to date information on the Chicago Kennedy Express lanes | Direction | Inbound | Travel Time | 4 minutes | 5 min avg | Decreased by | 1 min | Speed | 55 MPH | Uncongested | 1 MPH faster than Local | Gateway traffic information courtesy of the Illinois
2026-04-05 11:46:25 UTC,Inbound,4 minutes,55,Uncongested,+1 MPH,Express Chi | Chicago Express Lane Status | Chicago Express Lane Status | Up to date information on the Chicago Kennedy Express lanes | Direction | Inbound | Travel Time | 4 minutes | 5 min avg | Decreased by | 1 min | Speed | 55 MPH | Uncongested | 1 MPH faster than Local | Gateway traffic information courtesy of the Illinois
2026-04-05 14:05:07 UTC,Inbound,4 minutes,55,Uncongested,+1 MPH,Express Chi | Chicago Express Lane Status | Chicago Express Lane Status | Up to date information on the Chicago Kennedy Express lanes | Direction | Inbound | Travel Time | 4 minutes | 6 min avg | Decreased by | 2 min | Speed | 55 MPH | Uncongested | 1 MPH faster than Local | Gateway traffic information courtesy of the Illinois
2026-04-05 15:50:24 UTC,Inbound,5 minutes,55,Uncongested,+14 MPH,Express Chi | Chicago Express Lane Status | Chicago Express Lane Status | Up to date information on the Chicago Kennedy Express lanes | Direction | Inbound | Travel Time | 5 minutes | 9 min avg | Decreased by | 4 min | Speed | 55 MPH | Uncongested | 14 MPH faster than Local | Gateway traffic information courtesy of the Illinoi
2026-04-05 17:18:30 UTC,Inbound,8 minutes,38,Light,+10 MPH,Express Chi | Chicago Express Lane Status | Chicago Express Lane Status | Up to date information on the Chicago Kennedy Express lanes | Direction | Inbound | Travel Time | 8 minutes | 10 min avg | Decreased by | 2 min | Speed | 38 MPH | Light Congestion | 10 MPH faster than Local | Gateway traffic information courtesy of the I
2026-04-05 19:24:25 UTC,unknown,unavailable,unavailable,Closed,unavailable,Express Chi | Chicago Express Lane Status | Chicago Express Lane Status | Up to date information on the Chicago Kennedy Express lanes | Status: | Closed | Gateway traffic information courtesy of the Illinois Department of Transportation | Made with ❤ by | Tësh
2026-04-05 20:02:53 UTC,Outbound,16 minutes,18,unknown,unavailable,Express Chi | Chicago Express Lane Status | Chicago Express Lane Status | Up to date information on the Chicago Kennedy Express lanes | Direction | Outbound | Travel Time | 16 minutes | Data unavailable | Speed | 18 MPH | Medium Congestion | Same as Local | Gateway traffic information courtesy of the Illinois Department of
2026-04-05 21:50:00 UTC,Outbound,5 minutes,55,Uncongested,unavailable,Express Chi | Chicago Express Lane Status | Chicago Express Lane Status | Up to date information on the Chicago Kennedy Express lanes | Direction | Outbound | Travel Time | 5 minutes | Data unavailable | Speed | 55 MPH | Uncongested | Same as Local | Gateway traffic information courtesy of the Illinois Department of Transp
2026-04-05 23:03:58 UTC,Outbound,5 minutes,55,Uncongested,unavailable,Express Chi | Chicago Express Lane Status | Chicago Express Lane Status | Up to date information on the Chicago Kennedy Express lanes | Direction | Outbound | Travel Time | 5 minutes | Data unavailable | Speed | 55 MPH | Uncongested | Same as Local | Gateway traffic information courtesy of the Illinois Department of Transp
2026-04-06 00:04:19 UTC,Outbound,5 minutes,55,Uncongested,unavailable,Express Chi | Chicago Express Lane Status | Chicago Express Lane Status | Up to date information on the Chicago Kennedy Express lanes | Direction | Outbound | Travel Time | 5 minutes | Data unavailable | Speed | 55 MPH | Uncongested | Same as Local | Gateway traffic information courtesy of the Illinois Department of Transp
2026-04-06 06:20:34 UTC,Outbound,Data unavailable,unavailable,Closed,unavailable,Express Chi | Chicago Express Lane Status | Chicago Express Lane Status | Up to date information on the Chicago Kennedy Express lanes | Direction | Outbound | Travel Time | Data unavailable | Speed | Data unavailable | Note: | Express lanes may be closed or data is temporarily unavailable. Please check back later. | Gate
2026-04-06 10:37:34 UTC,Inbound,Data unavailable,unavailable,Closed,unavailable,Express Chi | Chicago Express Lane Status | Chicago Express Lane Status | Up to date information on the Chicago Kennedy Express lanes | Direction | Inbound | Travel Time | Data unavailable | Speed | Data unavailable | Note: | Express lanes may be closed or data is temporarily unavailable. Please check back later. | Gatew
2026-04-06 14:15:27 UTC,Inbound,15 minutes,20,unknown,-6 MPH,Express Chi | Chicago Express Lane Status | Chicago Express Lane Status | Up to date information on the Chicago Kennedy Express lanes | Direction | Inbound | Travel Time | 15 minutes | 13 min avg | Increased by | 2 min | Speed | 20 MPH | Medium Congestion | 6 MPH slower than Local | Gateway traffic information courtesy of the 
2026-04-06 17:10:49 UTC,Inbound,7 minutes,45,Light,-2 MPH,Express Chi | Chicago Express Lane Status | Chicago Express Lane Status | Up to date information on the Chicago Kennedy Express lanes | Direction | Inbound | Travel Time | 7 minutes | 9 min avg | Decreased by | 2 min | Speed | 45 MPH | Light Congestion | 2 MPH slower than Local | Gateway traffic information courtesy of the Ill
2026-04-06 19:56:53 UTC,Outbound,7 minutes,41,Light,+6 MPH,Express Chi | Chicago Express Lane Status | Chicago Express Lane Status | Up to date information on the Chicago Kennedy Express lanes | Direction | Outbound | Travel Time | 7 minutes | Data unavailable | Speed | 41 MPH | Light Congestion | 6 MPH faster than Local | Gateway traffic information courtesy of the Illinois Depar
2026-04-06 21:52:52 UTC,Outbound,8 minutes,35,Light,+3 MPH,Express Chi | Chicago Express Lane Status | Chicago Express Lane Status | Up to date information on the Chicago Kennedy Express lanes | Direction | Outbound | Travel Time | 8 minutes | Data unavailable | Speed | 35 MPH | Light Congestion | 3 MPH faster than Local | Gateway traffic information courtesy of the Illinois Depar
2026-04-06 23:52:48 UTC,Outbound,5 minutes,55,Uncongested,unavailable,Express Chi | Chicago Express Lane Status | Chicago Express Lane Status | Up to date information on the Chicago Kennedy Express lanes | Direction | Outbound | Travel Time | 5 minutes | Data unavailable | Speed | 55 MPH | Uncongested | Same as Local | Gateway traffic information courtesy of the Illinois Department of Transp
2026-04-07 05:58:49 UTC,Outbound,Data unavailable,unavailable,Closed,unavailable,Express Chi | Chicago Express Lane Status | Chicago Express Lane Status | Up to date information on the Chicago Kennedy Express lanes | Direction | Outbound | Travel Time | Data unavailable | Speed | Data unavailable | Note: | Express lanes may be closed or data is temporarily unavailable. Please check back later. | Gate
2026-04-07 09:52:56 UTC,Inbound,4 minutes,55,Uncongested,+1 MPH,Express Chi | Chicago Express Lane Status | Chicago Express Lane Status | Up to date information on the Chicago Kennedy Express lanes | Direction | Inbound | Travel Time | 4 minutes | 4 min avg | 0 min | Speed | 55 MPH | Uncongested | 1 MPH faster than Local | Gateway traffic information courtesy of the Illinois Department o
2026-04-07 12:07:52 UTC,Inbound,12 minutes,25,unknown,unavailable,Express Chi | Chicago Express Lane Status | Chicago Express Lane Status | Up to date information on the Chicago Kennedy Express lanes | Direction | Inbound | Travel Time | 12 minutes | 12 min avg | 0 min | Speed | 25 MPH | Medium Congestion | Same as Local | Gateway traffic information courtesy of the Illinois Department of 
2026-04-07 16:17:43 UTC,Inbound,5 minutes,55,Uncongested,+13 MPH,Express Chi | Chicago Express Lane Status | Chicago Express Lane Status | Up to date information on the Chicago Kennedy Express lanes | Direction | Inbound | Travel Time | 5 minutes | 9 min avg | Decreased by | 4 min | Speed | 55 MPH | Uncongested | 13 MPH faster than Local | Gateway traffic information courtesy of the Illinoi
2026-04-07 19:45:18 UTC,Outbound,9 minutes,34,unknown,unavailable,Express Chi | Chicago Express Lane Status | Chicago Express Lane Status | Up to date information on the Chicago Kennedy Express lanes | Direction | Outbound | Travel Time | 9 minutes | Data unavailable | Speed | 34 MPH | Medium Congestion | Same as Local | Gateway traffic information courtesy of the Illinois Department of 
2026-04-07 22:01:29 UTC,Outbound,7 minutes,41,Light,+7 MPH,Express Chi | Chicago Express Lane Status | Chicago Express Lane Status | Up to date information on the Chicago Kennedy Express lanes | Direction | Outbound | Travel Time | 7 minutes | Data unavailable | Speed | 41 MPH | Light Congestion | 7 MPH faster than Local | Gateway traffic information courtesy of the Illinois Depar
2026-04-08 00:04:06 UTC,Outbound,5 minutes,55,Uncongested,unavailable,Express Chi | Chicago Express Lane Status | Chicago Express Lane Status | Up to date information on the Chicago Kennedy Express lanes | Direction | Outbound | Travel Time | 5 minutes | Data unavailable | Speed | 55 MPH | Uncongested | Same as Local | Gateway traffic information courtesy of the Illinois Department of Transp
2026-04-08 06:08:42 UTC,Outbound,Data unavailable,unavailable,Closed,unavailable,Express Chi | Chicago Express Lane Status | Chicago Express Lane Status | Up to date information on the Chicago Kennedy Express lanes | Direction | Outbound | Travel Time | Data unavailable | Speed | Data unavailable | Note: | Express lanes may be closed or data is temporarily unavailable. Please check back later. | Gate
2026-04-08 09:54:39 UTC,Inbound,4 minutes,55,Uncongested,+1 MPH,Express Chi | Chicago Express Lane Status | Chicago Express Lane Status | Up to date information on the Chicago Kennedy Express lanes | Direction | Inbound | Travel Time | 4 minutes | 4 min avg | 0 min | Speed | 55 MPH | Uncongested | 1 MPH faster than Local | Gateway traffic information courtesy of the Illinois Department o
2026-04-08 12:07:58 UTC,Inbound,11 minutes,27,unknown,+2 MPH,Express Chi | Chicago Express Lane Status | Chicago Express Lane Status | Up to date information on the Chicago Kennedy Express lanes | Direction | Inbound | Travel Time | 11 minutes | 12 min avg | Decreased by | 1 min | Speed | 27 MPH | Medium Congestion | 2 MPH faster than Local | Gateway traffic information courtesy of the 
2026-04-08 16:40:27 UTC,Inbound,5 minutes,55,Uncongested,+15 MPH,Express Chi | Chicago Express Lane Status | Chicago Express Lane Status | Up to date information on the Chicago Kennedy Express lanes | Direction | Inbound | Travel Time | 5 minutes | 9 min avg | Decreased by | 4 min | Speed | 55 MPH | Uncongested | 15 MPH faster than Local | Gateway traffic information courtesy of the Illinoi
2026-04-08 20:01:16 UTC,Outbound,8 minutes,36,Light,+8 MPH,Express Chi | Chicago Express Lane Status | Chicago Express Lane Status | Up to date information on the Chicago Kennedy Express lanes | Direction | Outbound | Travel Time | 8 minutes | Data unavailable | Speed | 36 MPH | Light Congestion | 8 MPH faster than Local | Gateway traffic information courtesy of the Illinois Depar
2026-04-08 22:09:28 UTC,Outbound,10 minutes,30,unknown,+2 MPH,Express Chi | Chicago Express Lane Status | Chicago Express Lane Status | Up to date information on the Chicago Kennedy Express lanes | Direction | Outbound | Travel Time | 10 minutes | Data unavailable | Speed | 30 MPH | Medium Congestion | 2 MPH faster than Local | Gateway traffic information courtesy of the Illinois Dep
2026-04-08 23:56:16 UTC,Outbound,5 minutes,55,Uncongested,unavailable,Express Chi | Chicago Express Lane Status | Chicago Express Lane Status | Up to date information on the Chicago Kennedy Express lanes | Direction | Outbound | Travel Time | 5 minutes | Data unavailable | Speed | 55 MPH | Uncongested | Same as Local | Gateway traffic information courtesy of the Illinois Department of Transp
2026-04-09 06:05:36 UTC,unknown,unavailable,unavailable,Closed,unavailable,Express Chi | Chicago Express Lane Status | Chicago Express Lane Status | Up to date information on the Chicago Kennedy Express lanes | Status: | Closed | Gateway traffic information courtesy of the Illinois Department of Transportation | Made with ❤ by | Tësh
2026-04-09 10:39:30 UTC,Inbound,4 minutes,55,Uncongested,+1 MPH,Express Chi | Chicago Express Lane Status | Chicago Express Lane Status | Up to date information on the Chicago Kennedy Express lanes | Direction | Inbound | Travel Time | 4 minutes | 5 min avg | Decreased by | 1 min | Speed | 55 MPH | Uncongested | 1 MPH faster than Local | Gateway traffic information courtesy of the Illinois
2026-04-09 16:05:42 UTC,Inbound,8 minutes,40,Light,+6 MPH,Express Chi | Chicago Express Lane Status | Chicago Express Lane Status | Up to date information on the Chicago Kennedy Express lanes | Direction | Inbound | Travel Time | 8 minutes | 10 min avg | Decreased by | 2 min | Speed | 40 MPH | Light Congestion | 6 MPH faster than Local | Gateway traffic information courtesy of the Il
2026-04-09 19:53:52 UTC,Outbound,22 minutes,14,Heavy,-2 MPH,Express Chi | Chicago Express Lane Status | Chicago Express Lane Status | Up to date information on the Chicago Kennedy Express lanes | Direction | Outbound | Travel Time | 22 minutes | Data unavailable | Speed | 14 MPH | Heavy Congestion | 2 MPH slower than Local | Gateway traffic information courtesy of the Illinois Depa
2026-04-09 22:02:07 UTC,Outbound,15 minutes,19,unknown,+1 MPH,Express Chi | Chicago Express Lane Status | Chicago Express Lane Status | Up to date information on the Chicago Kennedy Express lanes | Direction | Outbound | Travel Time | 15 minutes | Data unavailable | Speed | 19 MPH | Medium Congestion | 1 MPH faster than Local | Gateway traffic information courtesy of the Illinois Dep
2026-04-09 23:59:29 UTC,Outbound,12 minutes,24,unknown,-22 MPH,Express Chi | Chicago Express Lane Status | Chicago Express Lane Status | Up to date information on the Chicago Kennedy Express lanes | Direction | Outbound | Travel Time | 12 minutes | Data unavailable | Speed | 24 MPH | Medium Congestion | 22 MPH slower than Local | Gateway traffic information courtesy of the Illinois De
2026-04-10 06:20:17 UTC,Inbound,5 minutes,55,Uncongested,+1 MPH,Express Chi | Chicago Express Lane Status | Chicago Express Lane Status | Up to date information on the Chicago Kennedy Express lanes | Direction | Inbound | Travel Time | 5 minutes | 5 min avg | 0 min | Speed | 55 MPH | Uncongested | 1 MPH faster than Local | Gateway traffic information courtesy of the Illinois Department o
2026-04-10 10:17:03 UTC,Inbound,4 minutes,55,Uncongested,+1 MPH,Express Chi | Chicago Express Lane Status | Chicago Express Lane Status | Up to date information on the Chicago Kennedy Express lanes | Direction | Inbound | Travel Time | 4 minutes | 5 min avg | Decreased by | 1 min | Speed | 55 MPH | Uncongested | 1 MPH faster than Local | Gateway traffic information courtesy of the Illinois
2026-04-10 14:32:41 UTC,Inbound,15 minutes,21,unknown,-8 MPH,Express Chi | Chicago Express Lane Status | Chicago Express Lane Status | Up to date information on the Chicago Kennedy Express lanes | Direction | Inbound | Travel Time | 15 minutes | 10 min avg | Increased by | 5 min | Speed | 21 MPH | Medium Congestion | 8 MPH slower than Local | Gateway traffic information courtesy of the 
2026-04-10 17:36:29 UTC,Inbound,6 minutes,48,Light,+17 MPH,Express Chi | Chicago Express Lane Status | Chicago Express Lane Status | Up to date information on the Chicago Kennedy Express lanes | Direction | Inbound | Travel Time | 6 minutes | 11 min avg | Decreased by | 5 min | Speed | 48 MPH | Light Congestion | 17 MPH faster than Local | Gateway traffic information courtesy of the I
2026-04-10 19:56:00 UTC,unknown,unavailable,unavailable,unknown,unavailable,Express Chi | Chicago Express Lane Status | Chicago Express Lane Status | Up to date information on the Chicago Kennedy Express lanes | Status: | Unknown | Gateway traffic information courtesy of the Illinois Department of Transportation | Made with ❤ by | Tësh
2026-04-10 21:56:34 UTC,Outbound,14 minutes,21,unknown,+6 MPH,Express Chi | Chicago Express Lane Status | Chicago Express Lane Status | Up to date information on the Chicago Kennedy Express lanes | Direction | Outbound | Travel Time | 14 minutes | Data unavailable | Speed | 21 MPH | Medium Congestion | 6 MPH faster than Local | Gateway traffic information courtesy of the Illinois Dep
2026-04-10 23:53:35 UTC,Inbound,Data unavailable,unavailable,Closed,unavailable,Express Chi | Chicago Express Lane Status | Chicago Express Lane Status | Up to date information on the Chicago Kennedy Express lanes | Direction | Inbound | Travel Time | Data unavailable | Speed | Data unavailable | Note: | Express lanes may be closed or data is temporarily unavailable. Please check back later. | Gatew
2026-04-11 05:18:09 UTC,Outbound,Data unavailable,unavailable,Closed,unavailable,Express Chi | Chicago Express Lane Status | Chicago Express Lane Status | Up to date information on the Chicago Kennedy Express lanes | Direction | Outbound | Travel Time | Data unavailable | Speed | Data unavailable | Note: | Express lanes may be closed or data is temporarily unavailable. Please check back later. | Gate
2026-04-11 07:56:46 UTC,Outbound,Data unavailable,unavailable,Closed,unavailable,Express Chi | Chicago Express Lane Status | Chicago Express Lane Status | Up to date information on the Chicago Kennedy Express lanes | Direction | Outbound | Travel Time | Data unavailable | Speed | Data unavailable | Note: | Express lanes may be closed or data is temporarily unavailable. Please check back later. | Gate
2026-04-11 10:01:45 UTC,Inbound,4 minutes,55,Uncongested,+1 MPH,Express Chi | Chicago Express Lane Status | Chicago Express Lane Status | Up to date information on the Chicago Kennedy Express lanes | Direction | Inbound | Travel Time | 4 minutes | 5 min avg | Decreased by | 1 min | Speed | 55 MPH | Uncongested | 1 MPH faster than Local | Gateway traffic information courtesy of the Illinois
2026-04-11 11:47:29 UTC,Inbound,4 minutes,55,Uncongested,+1 MPH,Express Chi | Chicago Express Lane Status | Chicago Express Lane Status | Up to date information on the Chicago Kennedy Express lanes | Direction | Inbound | Travel Time | 4 minutes | 6 min avg | Decreased by | 2 min | Speed | 55 MPH | Uncongested | 1 MPH faster than Local | Gateway traffic information courtesy of the Illinois
2026-04-11 14:06:06 UTC,Inbound,5 minutes,55,Uncongested,+5 MPH,Express Chi | Chicago Express Lane Status | Chicago Express Lane Status | Up to date information on the Chicago Kennedy Express lanes | Direction | Inbound | Travel Time | 5 minutes | 8 min avg | Decreased by | 3 min | Speed | 55 MPH | Uncongested | 5 MPH faster than Local | Gateway traffic information courtesy of the Illinois
2026-04-11 15:49:58 UTC,Inbound,6 minutes,53,Light,+8 MPH,Express Chi | Chicago Express Lane Status | Chicago Express Lane Status | Up to date information on the Chicago Kennedy Express lanes | Direction | Inbound | Travel Time | 6 minutes | 10 min avg | Decreased by | 4 min | Speed | 53 MPH | Light Congestion | 8 MPH faster than Local | Gateway traffic information courtesy of the Il
2026-04-11 17:50:50 UTC,Inbound,5 minutes,55,Uncongested,+18 MPH,Express Chi | Chicago Express Lane Status | Chicago Express Lane Status | Up to date information on the Chicago Kennedy Express lanes | Direction | Inbound | Travel Time | 5 minutes | 11 min avg | Decreased by | 6 min | Speed | 55 MPH | Uncongested | 18 MPH faster than Local | Gateway traffic information courtesy of the Illino
2026-04-11 19:50:57 UTC,Inbound,Data unavailable,unavailable,Closed,unavailable,Express Chi | Chicago Express Lane Status | Chicago Express Lane Status | Up to date information on the Chicago Kennedy Express lanes | Direction | Inbound | Travel Time | Data unavailable | Speed | Data unavailable | Note: | Express lanes may be closed or data is temporarily unavailable. Please check back later. | Gatew
2026-04-11 21:04:24 UTC,Outbound,4 minutes,55,Uncongested,unavailable,Express Chi | Chicago Express Lane Status | Chicago Express Lane Status | Up to date information on the Chicago Kennedy Express lanes | Direction | Outbound | Travel Time | 4 minutes | Data unavailable | Speed | 55 MPH | Uncongested | Same as Local | Gateway traffic information courtesy of the Illinois Department of Transp
2026-04-11 22:02:00 UTC,Outbound,5 minutes,55,Uncongested,unavailable,Express Chi | Chicago Express Lane Status | Chicago Express Lane Status | Up to date information on the Chicago Kennedy Express lanes | Direction | Outbound | Travel Time | 5 minutes | Data unavailable | Speed | 55 MPH | Uncongested | Same as Local | Gateway traffic information courtesy of the Illinois Department of Transp
2026-04-11 23:54:55 UTC,Inbound,16 minutes,19,unknown,+3 MPH,Express Chi | Chicago Express Lane Status | Chicago Express Lane Status | Up to date information on the Chicago Kennedy Express lanes | Direction | Inbound | Travel Time | 16 minutes | 13 min avg | Increased by | 3 min | Speed | 19 MPH | Medium Congestion | 3 MPH faster than Local | Gateway traffic information courtesy of the 
2026-04-12 06:10:16 UTC,Outbound,Data unavailable,unavailable,Closed,unavailable,Express Chi | Chicago Express Lane Status | Chicago Express Lane Status | Up to date information on the Chicago Kennedy Express lanes | Direction | Outbound | Travel Time | Data unavailable | Speed | Data unavailable | Note: | Express lanes may be closed or data is temporarily unavailable. Please check back later. | Gate
2026-04-12 08:33:37 UTC,Inbound,5 minutes,55,Uncongested,+1 MPH,Express Chi | Chicago Express Lane Status | Chicago Express Lane Status | Up to date information on the Chicago Kennedy Express lanes | Direction | Inbound | Travel Time | 5 minutes | 5 min avg | 0 min | Speed | 55 MPH | Uncongested | 1 MPH faster than Local | Gateway traffic information courtesy of the Illinois Department o
2026-04-12 11:02:43 UTC,Inbound,4 minutes,55,Uncongested,+1 MPH,Express Chi | Chicago Express Lane Status | Chicago Express Lane Status | Up to date information on the Chicago Kennedy Express lanes | Direction | Inbound | Travel Time | 4 minutes | 5 min avg | Decreased by | 1 min | Speed | 55 MPH | Uncongested | 1 MPH faster than Local | Gateway traffic information courtesy of the Illinois
2026-04-12 12:04:06 UTC,Inbound,4 minutes,55,Uncongested,+1 MPH,Express Chi | Chicago Express Lane Status | Chicago Express Lane Status | Up to date information on the Chicago Kennedy Express lanes | Direction | Inbound | Travel Time | 4 minutes | 5 min avg | Decreased by | 1 min | Speed | 55 MPH | Uncongested | 1 MPH faster than Local | Gateway traffic information courtesy of the Illinois
2026-04-12 14:28:43 UTC,Inbound,5 minutes,55,Uncongested,+1 MPH,Express Chi | Chicago Express Lane Status | Chicago Express Lane Status | Up to date information on the Chicago Kennedy Express lanes | Direction | Inbound | Travel Time | 5 minutes | 6 min avg | Decreased by | 1 min | Speed | 55 MPH | Uncongested | 1 MPH faster than Local | Gateway traffic information courtesy of the Illinois
2026-04-12 16:03:46 UTC,Inbound,5 minutes,55,Uncongested,+4 MPH,Express Chi | Chicago Express Lane Status | Chicago Express Lane Status | Up to date information on the Chicago Kennedy Express lanes | Direction | Inbound | Travel Time | 5 minutes | 9 min avg | Decreased by | 4 min | Speed | 55 MPH | Uncongested | 4 MPH faster than Local | Gateway traffic information courtesy of the Illinois
2026-04-12 17:58:56 UTC,Inbound,7 minutes,42,Light,unavailable,Express Chi | Chicago Express Lane Status | Chicago Express Lane Status | Up to date information on the Chicago Kennedy Express lanes | Direction | Inbound | Travel Time | 7 minutes | 10 min avg | Decreased by | 3 min | Speed | 42 MPH | Light Congestion | Same as Local | Gateway traffic information courtesy of the Illinois Dep
2026-04-12 19:55:01 UTC,Outbound,14 minutes,21,unknown,+1 MPH,Express Chi | Chicago Express Lane Status | Chicago Express Lane Status | Up to date information on the Chicago Kennedy Express lanes | Direction | Outbound | Travel Time | 14 minutes | Data unavailable | Speed | 21 MPH | Medium Congestion | 1 MPH faster than Local | Gateway traffic information courtesy of the Illinois Dep
2026-04-12 21:51:53 UTC,Outbound,5 minutes,55,Uncongested,unavailable,Express Chi | Chicago Express Lane Status | Chicago Express Lane Status | Up to date information on the Chicago Kennedy Express lanes | Direction | Outbound | Travel Time | 5 minutes | Data unavailable | Speed | 55 MPH | Uncongested | Same as Local | Gateway traffic information courtesy of the Illinois Department of Transp
2026-04-12 23:53:58 UTC,Outbound,5 minutes,55,Uncongested,unavailable,Express Chi | Chicago Express Lane Status | Chicago Express Lane Status | Up to date information on the Chicago Kennedy Express lanes | Direction | Outbound | Travel Time | 5 minutes | Data unavailable | Speed | 55 MPH | Uncongested | Same as Local | Gateway traffic information courtesy of the Illinois Department of Transp
2026-04-13 07:26:14 UTC,Inbound,5 minutes,55,Uncongested,+1 MPH,Express Chi | Chicago Express Lane Status | Chicago Express Lane Status | Up to date information on the Chicago Kennedy Express lanes | Direction | Inbound | Travel Time | 5 minutes | 5 min avg | 0 min | Speed | 55 MPH | Uncongested | 1 MPH faster than Local | Gateway traffic information courtesy of the Illinois Department o
2026-04-13 11:55:25 UTC,Inbound,9 minutes,32,unknown,-2 MPH,Express Chi | Chicago Express Lane Status | Chicago Express Lane Status | Up to date information on the Chicago Kennedy Express lanes | Direction | Inbound | Travel Time | 9 minutes | 10 min avg | Decreased by | 1 min | Speed | 32 MPH | Medium Congestion | 2 MPH slower than Local | Gateway traffic information courtesy of the I
2026-04-13 16:20:56 UTC,Inbound,5 minutes,55,Uncongested,+4 MPH,Express Chi | Chicago Express Lane Status | Chicago Express Lane Status | Up to date information on the Chicago Kennedy Express lanes | Direction | Inbound | Travel Time | 5 minutes | 8 min avg | Decreased by | 3 min | Speed | 55 MPH | Uncongested | 4 MPH faster than Local | Gateway traffic information courtesy of the Illinois
2026-04-13 20:11:53 UTC,Outbound,6 minutes,46,Light,+9 MPH,Express Chi | Chicago Express Lane Status | Chicago Express Lane Status | Up to date information on the Chicago Kennedy Express lanes | Direction | Outbound | Travel Time | 6 minutes | Data unavailable | Speed | 46 MPH | Light Congestion | 9 MPH faster than Local | Gateway traffic information courtesy of the Illinois Depar
2026-04-13 22:31:13 UTC,Outbound,5 minutes,55,Light,+15 MPH,Express Chi | Chicago Express Lane Status | Chicago Express Lane Status | Up to date information on the Chicago Kennedy Express lanes | Direction | Outbound | Travel Time | 5 minutes | Data unavailable | Speed | 55 MPH | Light Congestion | 15 MPH faster than Local | Gateway traffic information courtesy of the Illinois Depa
2026-04-14 06:09:09 UTC,Inbound,5 minutes,55,Uncongested,+1 MPH,Express Chi | Chicago Express Lane Status | Chicago Express Lane Status | Up to date information on the Chicago Kennedy Express lanes | Direction | Inbound | Travel Time | 5 minutes | 5 min avg | 0 min | Speed | 55 MPH | Uncongested | 1 MPH faster than Local | Gateway traffic information courtesy of the Illinois Department o
2026-04-14 08:03:18 UTC,Inbound,4 minutes,55,Uncongested,+1 MPH,Express Chi | Chicago Express Lane Status | Chicago Express Lane Status | Up to date information on the Chicago Kennedy Express lanes | Direction | Inbound | Travel Time | 4 minutes | 5 min avg | Decreased by | 1 min | Speed | 55 MPH | Uncongested | 1 MPH faster than Local | Gateway traffic information courtesy of the Illinois
2026-04-14 09:48:52 UTC,Inbound,5 minutes,55,Uncongested,+1 MPH,Express Chi | Chicago Express Lane Status | Chicago Express Lane Status | Up to date information on the Chicago Kennedy Express lanes | Direction | Inbound | Travel Time | 5 minutes | 4 min avg | Increased by | 1 min | Speed | 55 MPH | Uncongested | 1 MPH faster than Local | Gateway traffic information courtesy of the Illinois
2026-04-14 10:59:05 UTC,Inbound,5 minutes,55,Uncongested,+1 MPH,Express Chi | Chicago Express Lane Status | Chicago Express Lane Status | Up to date information on the Chicago Kennedy Express lanes | Direction | Inbound | Travel Time | 5 minutes | 7 min avg | Decreased by | 2 min | Speed | 55 MPH | Uncongested | 1 MPH faster than Local | Gateway traffic information courtesy of the Illinois
2026-04-14 12:01:45 UTC,Inbound,16 minutes,19,unknown,+1 MPH,Express Chi | Chicago Express Lane Status | Chicago Express Lane Status | Up to date information on the Chicago Kennedy Express lanes | Direction | Inbound | Travel Time | 16 minutes | 12 min avg | Increased by | 4 min | Speed | 19 MPH | Medium Congestion | 1 MPH faster than Local | Gateway traffic information courtesy of the 
2026-04-14 14:11:08 UTC,Inbound,26 minutes,12,Heavy,unavailable,Express Chi | Chicago Express Lane Status | Chicago Express Lane Status | Up to date information on the Chicago Kennedy Express lanes | Direction | Inbound | Travel Time | 26 minutes | 16 min avg | Increased by | 10 min | Speed | 12 MPH | Heavy Congestion | Same as Local | Gateway traffic information courtesy of the Illinois D
2026-04-14 15:39:53 UTC,Inbound,15 minutes,20,unknown,-16 MPH,Express Chi | Chicago Express Lane Status | Chicago Express Lane Status | Up to date information on the Chicago Kennedy Express lanes | Direction | Inbound | Travel Time | 15 minutes | 10 min avg | Increased by | 5 min | Speed | 20 MPH | Medium Congestion | 16 MPH slower than Local | Gateway traffic information courtesy of the
2026-04-14 16:45:16 UTC,Inbound,6 minutes,49,Light,+5 MPH,Express Chi | Chicago Express Lane Status | Chicago Express Lane Status | Up to date information on the Chicago Kennedy Express lanes | Direction | Inbound | Travel Time | 6 minutes | 9 min avg | Decreased by | 3 min | Speed | 49 MPH | Light Congestion | 5 MPH faster than Local | Gateway traffic information courtesy of the Ill
2026-04-14 18:00:54 UTC,Inbound,Data unavailable,unavailable,Closed,unavailable,Express Chi | Chicago Express Lane Status | Chicago Express Lane Status | Up to date information on the Chicago Kennedy Express lanes | Direction | Inbound | Travel Time | Data unavailable | Speed | Data unavailable | Note: | Express lanes may be closed or data is temporarily unavailable. Please check back later. | Gatew
2026-04-14 19:40:42 UTC,Outbound,12 minutes,24,unknown,+1 MPH,Express Chi | Chicago Express Lane Status | Chicago Express Lane Status | Up to date information on the Chicago Kennedy Express lanes | Direction | Outbound | Travel Time | 12 minutes | Data unavailable | Speed | 24 MPH | Medium Congestion | 1 MPH faster than Local | Gateway traffic information courtesy of the Illinois Dep
2026-04-14 20:34:36 UTC,Outbound,11 minutes,27,unknown,+2 MPH,Express Chi | Chicago Express Lane Status | Chicago Express Lane Status | Up to date information on the Chicago Kennedy Express lanes | Direction | Outbound | Travel Time | 11 minutes | Data unavailable | Speed | 27 MPH | Medium Congestion | 2 MPH faster than Local | Gateway traffic information courtesy of the Illinois Dep
2026-04-14 21:33:37 UTC,Outbound,15 minutes,20,unknown,-1 MPH,Express Chi | Chicago Express Lane Status | Chicago Express Lane Status | Up to date information on the Chicago Kennedy Express lanes | Direction | Outbound | Travel Time | 15 minutes | Data unavailable | Speed | 20 MPH | Medium Congestion | 1 MPH slower than Local | Gateway traffic information courtesy of the Illinois Dep
2026-04-14 22:29:22 UTC,Outbound,12 minutes,24,unknown,-4 MPH,Express Chi | Chicago Express Lane Status | Chicago Express Lane Status | Up to date information on the Chicago Kennedy Express lanes | Direction | Outbound | Travel Time | 12 minutes | Data unavailable | Speed | 24 MPH | Medium Congestion | 4 MPH slower than Local | Gateway traffic information courtesy of the Illinois Dep
2026-04-14 23:24:58 UTC,Outbound,6 minutes,50,Light,-1 MPH,Express Chi | Chicago Express Lane Status | Chicago Express Lane Status | Up to date information on the Chicago Kennedy Express lanes | Direction | Outbound | Travel Time | 6 minutes | Data unavailable | Speed | 50 MPH | Light Congestion | 1 MPH slower than Local | Gateway traffic information courtesy of the Illinois Depar
2026-04-15 00:05:30 UTC,Outbound,5 minutes,55,Uncongested,unavailable,Express Chi | Chicago Express Lane Status | Chicago Express Lane Status | Up to date information on the Chicago Kennedy Express lanes | Direction | Outbound | Travel Time | 5 minutes | Data unavailable | Speed | 55 MPH | Uncongested | Same as Local | Gateway traffic information courtesy of the Illinois Department of Transp
2026-04-15 03:39:14 UTC,Outbound,Data unavailable,unavailable,Closed,unavailable,Express Chi | Chicago Express Lane Status | Chicago Express Lane Status | Up to date information on the Chicago Kennedy Express lanes | Direction | Outbound | Travel Time | Data unavailable | Speed | Data unavailable | Note: | Express lanes may be closed or data is temporarily unavailable. Please check back later. | Gate
2026-04-15 05:50:07 UTC,Outbound,Data unavailable,unavailable,Closed,unavailable,Express Chi | Chicago Express Lane Status | Chicago Express Lane Status | Up to date information on the Chicago Kennedy Express lanes | Direction | Outbound | Travel Time | Data unavailable | Speed | Data unavailable | Note: | Express lanes may be closed or data is temporarily unavailable. Please check back later. | Gate
2026-04-15 07:25:02 UTC,Inbound,4 minutes,55,Uncongested,+1 MPH,Express Chi | Chicago Express Lane Status | Chicago Express Lane Status | Up to date information on the Chicago Kennedy Express lanes | Direction | Inbound | Travel Time | 4 minutes | 5 min avg | Decreased by | 1 min | Speed | 55 MPH | Uncongested | 1 MPH faster than Local | Gateway traffic information courtesy of the Illinois
2026-04-15 09:00:44 UTC,Inbound,4 minutes,55,Uncongested,+1 MPH,Express Chi | Chicago Express Lane Status | Chicago Express Lane Status | Up to date information on the Chicago Kennedy Express lanes | Direction | Inbound | Travel Time | 4 minutes | 5 min avg | Decreased by | 1 min | Speed | 55 MPH | Uncongested | 1 MPH faster than Local | Gateway traffic information courtesy of the Illinois
2026-04-15 10:37:51 UTC,Inbound,5 minutes,55,Uncongested,+1 MPH,Express Chi | Chicago Express Lane Status | Chicago Express Lane Status | Up to date information on the Chicago Kennedy Express lanes | Direction | Inbound | Travel Time | 5 minutes | 5 min avg | 0 min | Speed | 55 MPH | Uncongested | 1 MPH faster than Local | Gateway traffic information courtesy of the Illinois Department o
2026-04-15 11:38:37 UTC,Inbound,9 minutes,32,unknown,-3 MPH,Express Chi | Chicago Express Lane Status | Chicago Express Lane Status | Up to date information on the Chicago Kennedy Express lanes | Direction | Inbound | Travel Time | 9 minutes | 9 min avg | 0 min | Speed | 32 MPH | Medium Congestion | 3 MPH slower than Local | Gateway traffic information courtesy of the Illinois Depart
2026-04-15 12:44:37 UTC,Inbound,17 minutes,18,unknown,+6 MPH,Express Chi | Chicago Express Lane Status | Chicago Express Lane Status | Up to date information on the Chicago Kennedy Express lanes | Direction | Inbound | Travel Time | 17 minutes | 15 min avg | Increased by | 2 min | Speed | 18 MPH | Medium Congestion | 6 MPH faster than Local | Gateway traffic information courtesy of the 
2026-04-15 14:17:04 UTC,Inbound,27 minutes,11,Heavy,unavailable,Express Chi | Chicago Express Lane Status | Chicago Express Lane Status | Up to date information on the Chicago Kennedy Express lanes | Direction | Inbound | Travel Time | 27 minutes | 16 min avg | Increased by | 11 min | Speed | 11 MPH | Heavy Congestion | Same as Local | Gateway traffic information courtesy of the Illinois D
2026-04-15 15:45:24 UTC,Inbound,18 minutes,16,unknown,-6 MPH,Express Chi | Chicago Express Lane Status | Chicago Express Lane Status | Up to date information on the Chicago Kennedy Express lanes | Direction | Inbound | Travel Time | 18 minutes | 10 min avg | Increased by | 8 min | Speed | 16 MPH | Medium Congestion | 6 MPH slower than Local | Gateway traffic information courtesy of the 
2026-04-15 16:58:22 UTC,Inbound,7 minutes,45,Light,+4 MPH,Express Chi | Chicago Express Lane Status | Chicago Express Lane Status | Up to date information on the Chicago Kennedy Express lanes | Direction | Inbound | Travel Time | 7 minutes | 9 min avg | Decreased by | 2 min | Speed | 45 MPH | Light Congestion | 4 MPH faster than Local | Gateway traffic information courtesy of the Ill
2026-04-15 18:07:23 UTC,Inbound,Data unavailable,unavailable,Closed,unavailable,Express Chi | Chicago Express Lane Status | Chicago Express Lane Status | Up to date information on the Chicago Kennedy Express lanes | Direction | Inbound | Travel Time | Data unavailable | Speed | Data unavailable | Note: | Express lanes may be closed or data is temporarily unavailable. Please check back later. | Gatew
2026-04-15 19:42:05 UTC,Outbound,11 minutes,27,unknown,+5 MPH,Express Chi | Chicago Express Lane Status | Chicago Express Lane Status | Up to date information on the Chicago Kennedy Express lanes | Direction | Outbound | Travel Time | 11 minutes | Data unavailable | Speed | 27 MPH | Medium Congestion | 5 MPH faster than Local | Gateway traffic information courtesy of the Illinois Dep
2026-04-15 20:29:11 UTC,Outbound,14 minutes,22,unknown,+4 MPH,Express Chi | Chicago Express Lane Status | Chicago Express Lane Status | Up to date information on the Chicago Kennedy Express lanes | Direction | Outbound | Travel Time | 14 minutes | Data unavailable | Speed | 22 MPH | Medium Congestion | 4 MPH faster than Local | Gateway traffic information courtesy of the Illinois Dep
2026-04-15 21:28:08 UTC,Outbound,19 minutes,15,unknown,-4 MPH,Express Chi | Chicago Express Lane Status | Chicago Express Lane Status | Up to date information on the Chicago Kennedy Express lanes | Direction | Outbound | Travel Time | 19 minutes | Data unavailable | Speed | 15 MPH | Medium Congestion | 4 MPH slower than Local | Gateway traffic information courtesy of the Illinois Dep
2026-04-15 22:10:04 UTC,Outbound,15 minutes,19,unknown,-1 MPH,Express Chi | Chicago Express Lane Status | Chicago Express Lane Status | Up to date information on the Chicago Kennedy Express lanes | Direction | Outbound | Travel Time | 15 minutes | Data unavailable | Speed | 19 MPH | Medium Congestion | 1 MPH slower than Local | Gateway traffic information courtesy of the Illinois Dep
2026-04-15 23:01:40 UTC,Outbound,6 minutes,45,Light,+11 MPH,Express Chi | Chicago Express Lane Status | Chicago Express Lane Status | Up to date information on the Chicago Kennedy Express lanes | Direction | Outbound | Travel Time | 6 minutes | Data unavailable | Speed | 45 MPH | Light Congestion | 11 MPH faster than Local | Gateway traffic information courtesy of the Illinois Depa
2026-04-15 23:58:48 UTC,Outbound,4 minutes,55,Uncongested,unavailable,Express Chi | Chicago Express Lane Status | Chicago Express Lane Status | Up to date information on the Chicago Kennedy Express lanes | Direction | Outbound | Travel Time | 4 minutes | Data unavailable | Speed | 55 MPH | Uncongested | Same as Local | Gateway traffic information courtesy of the Illinois Department of Transp
2026-04-16 03:27:15 UTC,Outbound,Data unavailable,unavailable,Closed,unavailable,Express Chi | Chicago Express Lane Status | Chicago Express Lane Status | Up to date information on the Chicago Kennedy Express lanes | Direction | Outbound | Travel Time | Data unavailable | Speed | Data unavailable | Note: | Express lanes may be closed or data is temporarily unavailable. Please check back later. | Gate
2026-04-16 05:41:17 UTC,unknown,unavailable,unavailable,Closed,unavailable,Express Chi | Chicago Express Lane Status | Chicago Express Lane Status | Up to date information on the Chicago Kennedy Express lanes | Status: | Closed | Gateway traffic information courtesy of the Illinois Department of Transportation | Made with ❤ by | Tësh
2026-04-16 07:12:24 UTC,Inbound,4 minutes,55,Uncongested,+1 MPH,Express Chi | Chicago Express Lane Status | Chicago Express Lane Status | Up to date information on the Chicago Kennedy Express lanes | Direction | Inbound | Travel Time | 4 minutes | 5 min avg | Decreased by | 1 min | Speed | 55 MPH | Uncongested | 1 MPH faster than Local | Gateway traffic information courtesy of the Illinois
2026-04-16 08:56:19 UTC,Inbound,4 minutes,55,Uncongested,+1 MPH,Express Chi | Chicago Express Lane Status | Chicago Express Lane Status | Up to date information on the Chicago Kennedy Express lanes | Direction | Inbound | Travel Time | 4 minutes | 4 min avg | 0 min | Speed | 55 MPH | Uncongested | 1 MPH faster than Local | Gateway traffic information courtesy of the Illinois Department o
2026-04-16 10:14:40 UTC,Inbound,4 minutes,55,Uncongested,+1 MPH,Express Chi | Chicago Express Lane Status | Chicago Express Lane Status | Up to date information on the Chicago Kennedy Express lanes | Direction | Inbound | Travel Time | 4 minutes | 5 min avg | Decreased by | 1 min | Speed | 55 MPH | Uncongested | 1 MPH faster than Local | Gateway traffic information courtesy of the Illinois
2026-04-16 11:31:57 UTC,Inbound,6 minutes,51,Light,+15 MPH,Express Chi | Chicago Express Lane Status | Chicago Express Lane Status | Up to date information on the Chicago Kennedy Express lanes | Direction | Inbound | Travel Time | 6 minutes | 9 min avg | Decreased by | 3 min | Speed | 51 MPH | Light Congestion | 15 MPH faster than Local | Gateway traffic information courtesy of the Il
2026-04-16 12:47:49 UTC,Inbound,24 minutes,13,Heavy,+2 MPH,Express Chi | Chicago Express Lane Status | Chicago Express Lane Status | Up to date information on the Chicago Kennedy Express lanes | Direction | Inbound | Travel Time | 24 minutes | 16 min avg | Increased by | 8 min | Speed | 13 MPH | Heavy Congestion | 2 MPH faster than Local | Gateway traffic information courtesy of the I
2026-04-16 14:51:18 UTC,Inbound,18 minutes,16,unknown,-5 MPH,Express Chi | Chicago Express Lane Status | Chicago Express Lane Status | Up to date information on the Chicago Kennedy Express lanes | Direction | Inbound | Travel Time | 18 minutes | 14 min avg | Increased by | 4 min | Speed | 16 MPH | Medium Congestion | 5 MPH slower than Local | Gateway traffic information courtesy of the 
2026-04-16 16:19:19 UTC,Inbound,Data unavailable,unavailable,Closed,unavailable,Express Chi | Chicago Express Lane Status | Chicago Express Lane Status | Up to date information on the Chicago Kennedy Express lanes | Direction | Inbound | Travel Time | Data unavailable | Speed | Data unavailable | Note: | Express lanes may be closed or data is temporarily unavailable. Please check back later. | Gatew
2026-04-16 17:49:45 UTC,Inbound,Data unavailable,unavailable,Closed,unavailable,Express Chi | Chicago Express Lane Status | Chicago Express Lane Status | Up to date information on the Chicago Kennedy Express lanes | Direction | Inbound | Travel Time | Data unavailable | Speed | Data unavailable | Note: | Express lanes may be closed or data is temporarily unavailable. Please check back later. | Gatew
2026-04-16 19:06:11 UTC,Outbound,10 minutes,31,unknown,-1 MPH,Express Chi | Chicago Express Lane Status | Chicago Express Lane Status | Up to date information on the Chicago Kennedy Express lanes | Direction | Outbound | Travel Time | 10 minutes | Data unavailable | Speed | 31 MPH | Medium Congestion | 1 MPH slower than Local | Gateway traffic information courtesy of the Illinois Dep
2026-04-16 20:05:51 UTC,Outbound,19 minutes,15,unknown,+1 MPH,Express Chi | Chicago Express Lane Status | Chicago Express Lane Status | Up to date information on the Chicago Kennedy Express lanes | Direction | Outbound | Travel Time | 19 minutes | Data unavailable | Speed | 15 MPH | Medium Congestion | 1 MPH faster than Local | Gateway traffic information courtesy of the Illinois Dep
2026-04-16 21:02:46 UTC,Outbound,17 minutes,17,unknown,+1 MPH,Express Chi | Chicago Express Lane Status | Chicago Express Lane Status | Up to date information on the Chicago Kennedy Express lanes | Direction | Outbound | Travel Time | 17 minutes | Data unavailable | Speed | 17 MPH | Medium Congestion | 1 MPH faster than Local | Gateway traffic information courtesy of the Illinois Dep
2026-04-16 21:58:19 UTC,Outbound,25 minutes,12,Heavy,-2 MPH,Express Chi | Chicago Express Lane Status | Chicago Express Lane Status | Up to date information on the Chicago Kennedy Express lanes | Direction | Outbound | Travel Time | 25 minutes | Data unavailable | Speed | 12 MPH | Heavy Congestion | 2 MPH slower than Local | Gateway traffic information courtesy of the Illinois Depa
2026-04-16 22:48:11 UTC,Outbound,16 minutes,19,unknown,+1 MPH,Express Chi | Chicago Express Lane Status | Chicago Express Lane Status | Up to date information on the Chicago Kennedy Express lanes | Direction | Outbound | Travel Time | 16 minutes | Data unavailable | Speed | 19 MPH | Medium Congestion | 1 MPH faster than Local | Gateway traffic information courtesy of the Illinois Dep
2026-04-16 23:36:33 UTC,Outbound,7 minutes,40,Light,+16 MPH,Express Chi | Chicago Express Lane Status | Chicago Express Lane Status | Up to date information on the Chicago Kennedy Express lanes | Direction | Outbound | Travel Time | 7 minutes | Data unavailable | Speed | 40 MPH | Light Congestion | 16 MPH faster than Local | Gateway traffic information courtesy of the Illinois Depa
2026-04-17 01:08:58 UTC,Outbound,5 minutes,55,Uncongested,unavailable,Express Chi | Chicago Express Lane Status | Chicago Express Lane Status | Up to date information on the Chicago Kennedy Express lanes | Direction | Outbound | Travel Time | 5 minutes | Data unavailable | Speed | 55 MPH | Uncongested | Same as Local | Gateway traffic information courtesy of the Illinois Department of Transp
2026-04-17 04:20:58 UTC,Outbound,Data unavailable,unavailable,Closed,unavailable,Express Chi | Chicago Express Lane Status | Chicago Express Lane Status | Up to date information on the Chicago Kennedy Express lanes | Direction | Outbound | Travel Time | Data unavailable | Speed | Data unavailable | Note: | Express lanes may be closed or data is temporarily unavailable. Please check back later. | Gate
2026-04-17 06:18:15 UTC,Outbound,Data unavailable,unavailable,Closed,unavailable,Express Chi | Chicago Express Lane Status | Chicago Express Lane Status | Up to date information on the Chicago Kennedy Express lanes | Direction | Outbound | Travel Time | Data unavailable | Speed | Data unavailable | Note: | Express lanes may be closed or data is temporarily unavailable. Please check back later. | Gate
2026-04-17 08:10:28 UTC,Inbound,5 minutes,55,Uncongested,+1 MPH,Express Chi | Chicago Express Lane Status | Chicago Express Lane Status | Up to date information on the Chicago Kennedy Express lanes | Direction | Inbound | Travel Time | 5 minutes | 5 min avg | 0 min | Speed | 55 MPH | Uncongested | 1 MPH faster than Local | Gateway traffic information courtesy of the Illinois Department o
2026-04-17 09:46:46 UTC,Inbound,4 minutes,55,Uncongested,+1 MPH,Express Chi | Chicago Express Lane Status | Chicago Express Lane Status | Up to date information on the Chicago Kennedy Express lanes | Direction | Inbound | Travel Time | 4 minutes | 5 min avg | Decreased by | 1 min | Speed | 55 MPH | Uncongested | 1 MPH faster than Local | Gateway traffic information courtesy of the Illinois
2026-04-17 10:51:30 UTC,Inbound,5 minutes,55,Uncongested,+1 MPH,Express Chi | Chicago Express Lane Status | Chicago Express Lane Status | Up to date information on the Chicago Kennedy Express lanes | Direction | Inbound | Travel Time | 5 minutes | 7 min avg | Decreased by | 2 min | Speed | 55 MPH | Uncongested | 1 MPH faster than Local | Gateway traffic information courtesy of the Illinois
2026-04-17 11:48:34 UTC,Inbound,6 minutes,48,Light,+6 MPH,Express Chi | Chicago Express Lane Status | Chicago Express Lane Status | Up to date information on the Chicago Kennedy Express lanes | Direction | Inbound | Travel Time | 6 minutes | 11 min avg | Decreased by | 5 min | Speed | 48 MPH | Light Congestion | 6 MPH faster than Local | Gateway traffic information courtesy of the Il
2026-04-17 13:09:39 UTC,Inbound,18 minutes,17,unknown,-4 MPH,Express Chi | Chicago Express Lane Status | Chicago Express Lane Status | Up to date information on the Chicago Kennedy Express lanes | Direction | Inbound | Travel Time | 18 minutes | 13 min avg | Increased by | 5 min | Speed | 17 MPH | Medium Congestion | 4 MPH slower than Local | Gateway traffic information courtesy of the 
2026-04-17 14:36:30 UTC,Inbound,14 minutes,22,unknown,-7 MPH,Express Chi | Chicago Express Lane Status | Chicago Express Lane Status | Up to date information on the Chicago Kennedy Express lanes | Direction | Inbound | Travel Time | 14 minutes | 10 min avg | Increased by | 4 min | Speed | 22 MPH | Medium Congestion | 7 MPH slower than Local | Gateway traffic information courtesy of the 
2026-04-17 15:41:45 UTC,Inbound,8 minutes,39,Light,-8 MPH,Express Chi | Chicago Express Lane Status | Chicago Express Lane Status | Up to date information on the Chicago Kennedy Express lanes | Direction | Inbound | Travel Time | 8 minutes | 9 min avg | Decreased by | 1 min | Speed | 39 MPH | Light Congestion | 8 MPH slower than Local | Gateway traffic information courtesy of the Ill
2026-04-17 16:35:24 UTC,Inbound,8 minutes,39,Light,-7 MPH,Express Chi | Chicago Express Lane Status | Chicago Express Lane Status | Up to date information on the Chicago Kennedy Express lanes | Direction | Inbound | Travel Time | 8 minutes | 10 min avg | Decreased by | 2 min | Speed | 39 MPH | Light Congestion | 7 MPH slower than Local | Gateway traffic information courtesy of the Il
2026-04-17 17:32:25 UTC,Inbound,7 minutes,42,Light,+15 MPH,Express Chi | Chicago Express Lane Status | Chicago Express Lane Status | Up to date information on the Chicago Kennedy Express lanes | Direction | Inbound | Travel Time | 7 minutes | 11 min avg | Decreased by | 4 min | Speed | 42 MPH | Light Congestion | 15 MPH faster than Local | Gateway traffic information courtesy of the I
2026-04-17 18:35:35 UTC,Inbound,Data unavailable,unavailable,Closed,unavailable,Express Chi | Chicago Express Lane Status | Chicago Express Lane Status | Up to date information on the Chicago Kennedy Express lanes | Direction | Inbound | Travel Time | Data unavailable | Speed | Data unavailable | Note: | Express lanes may be closed or data is temporarily unavailable. Please check back later. | Gatew
2026-04-17 19:44:40 UTC,Outbound,9 minutes,34,unknown,+14 MPH,Express Chi | Chicago Express Lane Status | Chicago Express Lane Status | Up to date information on the Chicago Kennedy Express lanes | Direction | Outbound | Travel Time | 9 minutes | Data unavailable | Speed | 34 MPH | Medium Congestion | 14 MPH faster than Local | Gateway traffic information courtesy of the Illinois Dep
2026-04-17 20:28:08 UTC,Outbound,15 minutes,20,unknown,+3 MPH,Express Chi | Chicago Express Lane Status | Chicago Express Lane Status | Up to date information on the Chicago Kennedy Express lanes | Direction | Outbound | Travel Time | 15 minutes | Data unavailable | Speed | 20 MPH | Medium Congestion | 3 MPH faster than Local | Gateway traffic information courtesy of the Illinois Dep
2026-04-17 21:10:20 UTC,Outbound,17 minutes,17,unknown,+4 MPH,Express Chi | Chicago Express Lane Status | Chicago Express Lane Status | Up to date information on the Chicago Kennedy Express lanes | Direction | Outbound | Travel Time | 17 minutes | Data unavailable | Speed | 17 MPH | Medium Congestion | 4 MPH faster than Local | Gateway traffic information courtesy of the Illinois Dep
2026-04-17 22:00:35 UTC,Outbound,14 minutes,21,unknown,+6 MPH,Express Chi | Chicago Express Lane Status | Chicago Express Lane Status | Up to date information on the Chicago Kennedy Express lanes | Direction | Outbound | Travel Time | 14 minutes | Data unavailable | Speed | 21 MPH | Medium Congestion | 6 MPH faster than Local | Gateway traffic information courtesy of the Illinois Dep
2026-04-17 23:00:13 UTC,Inbound,Data unavailable,unavailable,Closed,unavailable,Express Chi | Chicago Express Lane Status | Chicago Express Lane Status | Up to date information on the Chicago Kennedy Express lanes | Direction | Inbound | Travel Time | Data unavailable | Speed | Data unavailable | Note: | Express lanes may be closed or data is temporarily unavailable. Please check back later. | Gatew
2026-04-17 23:54:51 UTC,Inbound,Data unavailable,unavailable,Closed,unavailable,Express Chi | Chicago Express Lane Status | Chicago Express Lane Status | Up to date information on the Chicago Kennedy Express lanes | Direction | Inbound | Travel Time | Data unavailable | Speed | Data unavailable | Note: | Express lanes may be closed or data is temporarily unavailable. Please check back later. | Gatew
2026-04-18 01:59:33 UTC,Inbound,Data unavailable,unavailable,Closed,unavailable,Express Chi | Chicago Express Lane Status | Chicago Express Lane Status | Up to date information on the Chicago Kennedy Express lanes | Direction | Inbound | Travel Time | Data unavailable | Speed | Data unavailable | Note: | Express lanes may be closed or data is temporarily unavailable. Please check back later. | Gatew
2026-04-18 04:38:06 UTC,Outbound,Data unavailable,unavailable,Closed,unavailable,Express Chi | Chicago Express Lane Status | Chicago Express Lane Status | Up to date information on the Chicago Kennedy Express lanes | Direction | Outbound | Travel Time | Data unavailable | Speed | Data unavailable | Note: | Express lanes may be closed or data is temporarily unavailable. Please check back later. | Gate
2026-04-18 06:02:03 UTC,Outbound,Data unavailable,unavailable,Closed,unavailable,Express Chi | Chicago Express Lane Status | Chicago Express Lane Status | Up to date information on the Chicago Kennedy Express lanes | Direction | Outbound | Travel Time | Data unavailable | Speed | Data unavailable | Note: | Express lanes may be closed or data is temporarily unavailable. Please check back later. | Gate
2026-04-18 07:34:14 UTC,Outbound,Data unavailable,unavailable,Closed,unavailable,Express Chi | Chicago Express Lane Status | Chicago Express Lane Status | Up to date information on the Chicago Kennedy Express lanes | Direction | Outbound | Travel Time | Data unavailable | Speed | Data unavailable | Note: | Express lanes may be closed or data is temporarily unavailable. Please check back later. | Gate
2026-04-18 08:25:56 UTC,Inbound,5 minutes,55,Uncongested,+1 MPH,Express Chi | Chicago Express Lane Status | Chicago Express Lane Status | Up to date information on the Chicago Kennedy Express lanes | Direction | Inbound | Travel Time | 5 minutes | 5 min avg | 0 min | Speed | 55 MPH | Uncongested | 1 MPH faster than Local | Gateway traffic information courtesy of the Illinois Department o
2026-04-18 09:11:00 UTC,Inbound,5 minutes,55,Uncongested,+10 MPH,Express Chi | Chicago Express Lane Status | Chicago Express Lane Status | Up to date information on the Chicago Kennedy Express lanes | Direction | Inbound | Travel Time | 5 minutes | 5 min avg | 0 min | Speed | 55 MPH | Uncongested | 10 MPH faster than Local | Gateway traffic information courtesy of the Illinois Department 
2026-04-18 10:01:08 UTC,Inbound,5 minutes,55,Uncongested,+1 MPH,Express Chi | Chicago Express Lane Status | Chicago Express Lane Status | Up to date information on the Chicago Kennedy Express lanes | Direction | Inbound | Travel Time | 5 minutes | 5 min avg | 0 min | Speed | 55 MPH | Uncongested | 1 MPH faster than Local | Gateway traffic information courtesy of the Illinois Department o
2026-04-18 10:59:28 UTC,Inbound,4 minutes,55,Uncongested,+1 MPH,Express Chi | Chicago Express Lane Status | Chicago Express Lane Status | Up to date information on the Chicago Kennedy Express lanes | Direction | Inbound | Travel Time | 4 minutes | 5 min avg | Decreased by | 1 min | Speed | 55 MPH | Uncongested | 1 MPH faster than Local | Gateway traffic information courtesy of the Illinois
2026-04-18 11:40:40 UTC,Inbound,5 minutes,55,Uncongested,+1 MPH,Express Chi | Chicago Express Lane Status | Chicago Express Lane Status | Up to date information on the Chicago Kennedy Express lanes | Direction | Inbound | Travel Time | 5 minutes | 6 min avg | Decreased by | 1 min | Speed | 55 MPH | Uncongested | 1 MPH faster than Local | Gateway traffic information courtesy of the Illinois
2026-04-18 12:03:32 UTC,Inbound,4 minutes,55,Uncongested,+1 MPH,Express Chi | Chicago Express Lane Status | Chicago Express Lane Status | Up to date information on the Chicago Kennedy Express lanes | Direction | Inbound | Travel Time | 4 minutes | 5 min avg | Decreased by | 1 min | Speed | 55 MPH | Uncongested | 1 MPH faster than Local | Gateway traffic information courtesy of the Illinois
2026-04-18 13:35:07 UTC,Inbound,5 minutes,55,Uncongested,+1 MPH,Express Chi | Chicago Express Lane Status | Chicago Express Lane Status | Up to date information on the Chicago Kennedy Express lanes | Direction | Inbound | Travel Time | 5 minutes | 7 min avg | Decreased by | 2 min | Speed | 55 MPH | Uncongested | 1 MPH faster than Local | Gateway traffic information courtesy of the Illinois
2026-04-18 14:24:22 UTC,Inbound,5 minutes,55,Uncongested,+4 MPH,Express Chi | Chicago Express Lane Status | Chicago Express Lane Status | Up to date information on the Chicago Kennedy Express lanes | Direction | Inbound | Travel Time | 5 minutes | 8 min avg | Decreased by | 3 min | Speed | 55 MPH | Uncongested | 4 MPH faster than Local | Gateway traffic information courtesy of the Illinois
2026-04-18 15:04:06 UTC,Inbound,5 minutes,55,Uncongested,+8 MPH,Express Chi | Chicago Express Lane Status | Chicago Express Lane Status | Up to date information on the Chicago Kennedy Express lanes | Direction | Inbound | Travel Time | 5 minutes | 10 min avg | Decreased by | 5 min | Speed | 55 MPH | Uncongested | 8 MPH faster than Local | Gateway traffic information courtesy of the Illinoi
2026-04-18 15:53:09 UTC,Inbound,12 minutes,26,unknown,-6 MPH,Express Chi | Chicago Express Lane Status | Chicago Express Lane Status | Up to date information on the Chicago Kennedy Express lanes | Direction | Inbound | Travel Time | 12 minutes | 10 min avg | Increased by | 2 min | Speed | 26 MPH | Medium Congestion | 6 MPH slower than Local | Gateway traffic information courtesy of the 
2026-04-18 16:34:57 UTC,Inbound,6 minutes,54,Light,+19 MPH,Express Chi | Chicago Express Lane Status | Chicago Express Lane Status | Up to date information on the Chicago Kennedy Express lanes | Direction | Inbound | Travel Time | 6 minutes | 10 min avg | Decreased by | 4 min | Speed | 54 MPH | Light Congestion | 19 MPH faster than Local | Gateway traffic information courtesy of the I
2026-04-18 17:21:36 UTC,Inbound,8 minutes,38,Light,+8 MPH,Express Chi | Chicago Express Lane Status | Chicago Express Lane Status | Up to date information on the Chicago Kennedy Express lanes | Direction | Inbound | Travel Time | 8 minutes | 11 min avg | Decreased by | 3 min | Speed | 38 MPH | Light Congestion | 8 MPH faster than Local | Gateway traffic information courtesy of the Il
2026-04-18 18:00:22 UTC,Inbound,11 minutes,28,unknown,-4 MPH,Express Chi | Chicago Express Lane Status | Chicago Express Lane Status | Up to date information on the Chicago Kennedy Express lanes | Direction | Inbound | Travel Time | 11 minutes | 11 min avg | 0 min | Speed | 28 MPH | Medium Congestion | 4 MPH slower than Local | Gateway traffic information courtesy of the Illinois Depa
2026-04-18 19:08:54 UTC,Inbound,Data unavailable,unavailable,Closed,unavailable,Express Chi | Chicago Express Lane Status | Chicago Express Lane Status | Up to date information on the Chicago Kennedy Express lanes | Direction | Inbound | Travel Time | Data unavailable | Speed | Data unavailable | Note: | Express lanes may be closed or data is temporarily unavailable. Please check back later. | Gatew
2026-04-18 19:52:08 UTC,Outbound,7 minutes,43,Light,-3 MPH,Express Chi | Chicago Express Lane Status | Chicago Express Lane Status | Up to date information on the Chicago Kennedy Express lanes | Direction | Outbound | Travel Time | 7 minutes | Data unavailable | Speed | 43 MPH | Light Congestion | 3 MPH slower than Local | Gateway traffic information courtesy of the Illinois Depar
2026-04-18 20:31:26 UTC,Outbound,5 minutes,55,Uncongested,+4 MPH,Express Chi | Chicago Express Lane Status | Chicago Express Lane Status | Up to date information on the Chicago Kennedy Express lanes | Direction | Outbound | Travel Time | 5 minutes | Data unavailable | Speed | 55 MPH | Uncongested | 4 MPH faster than Local | Gateway traffic information courtesy of the Illinois Department
2026-04-18 21:17:34 UTC,Outbound,5 minutes,55,Uncongested,unavailable,Express Chi | Chicago Express Lane Status | Chicago Express Lane Status | Up to date information on the Chicago Kennedy Express lanes | Direction | Outbound | Travel Time | 5 minutes | Data unavailable | Speed | 55 MPH | Uncongested | Same as Local | Gateway traffic information courtesy of the Illinois Department of Transp
2026-04-18 21:57:01 UTC,Outbound,5 minutes,55,Uncongested,+9 MPH,Express Chi | Chicago Express Lane Status | Chicago Express Lane Status | Up to date information on the Chicago Kennedy Express lanes | Direction | Outbound | Travel Time | 5 minutes | Data unavailable | Speed | 55 MPH | Uncongested | 9 MPH faster than Local | Gateway traffic information courtesy of the Illinois Department
2026-04-18 22:35:46 UTC,Inbound,12 minutes,24,unknown,+14 MPH,Express Chi | Chicago Express Lane Status | Chicago Express Lane Status | Up to date information on the Chicago Kennedy Express lanes | Direction | Inbound | Travel Time | 12 minutes | 12 min avg | 0 min | Speed | 24 MPH | Medium Congestion | 14 MPH faster than Local | Gateway traffic information courtesy of the Illinois Dep
2026-04-18 23:18:35 UTC,Inbound,19 minutes,16,unknown,+2 MPH,Express Chi | Chicago Express Lane Status | Chicago Express Lane Status | Up to date information on the Chicago Kennedy Express lanes | Direction | Inbound | Travel Time | 19 minutes | 12 min avg | Increased by | 7 min | Speed | 16 MPH | Medium Congestion | 2 MPH faster than Local | Gateway traffic information courtesy of the 
2026-04-18 23:59:01 UTC,Inbound,23 minutes,13,Heavy,-2 MPH,Express Chi | Chicago Express Lane Status | Chicago Express Lane Status | Up to date information on the Chicago Kennedy Express lanes | Direction | Inbound | Travel Time | 23 minutes | 12 min avg | Increased by | 11 min | Speed | 13 MPH | Heavy Congestion | 2 MPH slower than Local | Gateway traffic information courtesy of the 
2026-04-19 03:32:33 UTC,Outbound,Data unavailable,unavailable,Closed,unavailable,Express Chi | Chicago Express Lane Status | Chicago Express Lane Status | Up to date information on the Chicago Kennedy Express lanes | Direction | Outbound | Travel Time | Data unavailable | Speed | Data unavailable | Note: | Express lanes may be closed or data is temporarily unavailable. Please check back later. | Gate
2026-04-19 05:48:43 UTC,Inbound,4 minutes,55,Uncongested,+1 MPH,Express Chi | Chicago Express Lane Status | Chicago Express Lane Status | Up to date information on the Chicago Kennedy Express lanes | Direction | Inbound | Travel Time | 4 minutes | 5 min avg | Decreased by | 1 min | Speed | 55 MPH | Uncongested | 1 MPH faster than Local | Gateway traffic information courtesy of the Illinois
2026-04-19 07:13:11 UTC,Inbound,4 minutes,55,Uncongested,+1 MPH,Express Chi | Chicago Express Lane Status | Chicago Express Lane Status | Up to date information on the Chicago Kennedy Express lanes | Direction | Inbound | Travel Time | 4 minutes | 5 min avg | Decreased by | 1 min | Speed | 55 MPH | Uncongested | 1 MPH faster than Local | Gateway traffic information courtesy of the Illinois
2026-04-19 08:13:46 UTC,Inbound,4 minutes,55,Uncongested,+1 MPH,Express Chi | Chicago Express Lane Status | Chicago Express Lane Status | Up to date information on the Chicago Kennedy Express lanes | Direction | Inbound | Travel Time | 4 minutes | 5 min avg | Decreased by | 1 min | Speed | 55 MPH | Uncongested | 1 MPH faster than Local | Gateway traffic information courtesy of the Illinois
2026-04-19 09:07:35 UTC,Inbound,5 minutes,55,Uncongested,+1 MPH,Express Chi | Chicago Express Lane Status | Chicago Express Lane Status | Up to date information on the Chicago Kennedy Express lanes | Direction | Inbound | Travel Time | 5 minutes | 5 min avg | 0 min | Speed | 55 MPH | Uncongested | 1 MPH faster than Local | Gateway traffic information courtesy of the Illinois Department o
2026-04-19 10:00:31 UTC,unknown,unavailable,unavailable,Closed,unavailable,Express Chi | Chicago Express Lane Status | Chicago Express Lane Status | Up to date information on the Chicago Kennedy Express lanes | Status: | Closed | Gateway traffic information courtesy of the Illinois Department of Transportation | Made with ❤ by | Tësh
2026-04-19 10:59:21 UTC,Inbound,4 minutes,55,Uncongested,+1 MPH,Express Chi | Chicago Express Lane Status | Chicago Express Lane Status | Up to date information on the Chicago Kennedy Express lanes | Direction | Inbound | Travel Time | 4 minutes | 5 min avg | Decreased by | 1 min | Speed | 55 MPH | Uncongested | 1 MPH faster than Local | Gateway traffic information courtesy of the Illinois
2026-04-19 11:41:27 UTC,Inbound,4 minutes,55,Uncongested,+1 MPH,Express Chi | Chicago Express Lane Status | Chicago Express Lane Status | Up to date information on the Chicago Kennedy Express lanes | Direction | Inbound | Travel Time | 4 minutes | 5 min avg | Decreased by | 1 min | Speed | 55 MPH | Uncongested | 1 MPH faster than Local | Gateway traffic information courtesy of the Illinois
2026-04-19 12:03:31 UTC,Inbound,4 minutes,55,Uncongested,+1 MPH,Express Chi | Chicago Express Lane Status | Chicago Express Lane Status | Up to date information on the Chicago Kennedy Express lanes | Direction | Inbound | Travel Time | 4 minutes | 5 min avg | Decreased by | 1 min | Speed | 55 MPH | Uncongested | 1 MPH faster than Local | Gateway traffic information courtesy of the Illinois
2026-04-19 13:34:08 UTC,Inbound,4 minutes,55,Uncongested,+1 MPH,Express Chi | Chicago Express Lane Status | Chicago Express Lane Status | Up to date information on the Chicago Kennedy Express lanes | Direction | Inbound | Travel Time | 4 minutes | 5 min avg | Decreased by | 1 min | Speed | 55 MPH | Uncongested | 1 MPH faster than Local | Gateway traffic information courtesy of the Illinois
2026-04-19 14:24:30 UTC,Inbound,5 minutes,55,Uncongested,+1 MPH,Express Chi | Chicago Express Lane Status | Chicago Express Lane Status | Up to date information on the Chicago Kennedy Express lanes | Direction | Inbound | Travel Time | 5 minutes | 6 min avg | Decreased by | 1 min | Speed | 55 MPH | Uncongested | 1 MPH faster than Local | Gateway traffic information courtesy of the Illinois
2026-04-19 15:04:33 UTC,Inbound,5 minutes,55,Uncongested,+1 MPH,Express Chi | Chicago Express Lane Status | Chicago Express Lane Status | Up to date information on the Chicago Kennedy Express lanes | Direction | Inbound | Travel Time | 5 minutes | 8 min avg | Decreased by | 3 min | Speed | 55 MPH | Uncongested | 1 MPH faster than Local | Gateway traffic information courtesy of the Illinois
2026-04-19 15:53:14 UTC,Inbound,5 minutes,55,Uncongested,+7 MPH,Express Chi | Chicago Express Lane Status | Chicago Express Lane Status | Up to date information on the Chicago Kennedy Express lanes | Direction | Inbound | Travel Time | 5 minutes | 9 min avg | Decreased by | 4 min | Speed | 55 MPH | Uncongested | 7 MPH faster than Local | Gateway traffic information courtesy of the Illinois
2026-04-19 16:34:59 UTC,Inbound,5 minutes,55,Uncongested,+5 MPH,Express Chi | Chicago Express Lane Status | Chicago Express Lane Status | Up to date information on the Chicago Kennedy Express lanes | Direction | Inbound | Travel Time | 5 minutes | 9 min avg | Decreased by | 4 min | Speed | 55 MPH | Uncongested | 5 MPH faster than Local | Gateway traffic information courtesy of the Illinois
2026-04-19 17:20:23 UTC,Inbound,5 minutes,55,Uncongested,+9 MPH,Express Chi | Chicago Express Lane Status | Chicago Express Lane Status | Up to date information on the Chicago Kennedy Express lanes | Direction | Inbound | Travel Time | 5 minutes | 10 min avg | Decreased by | 5 min | Speed | 55 MPH | Uncongested | 9 MPH faster than Local | Gateway traffic information courtesy of the Illinoi
2026-04-19 18:00:54 UTC,Inbound,5 minutes,55,Uncongested,+13 MPH,Express Chi | Chicago Express Lane Status | Chicago Express Lane Status | Up to date information on the Chicago Kennedy Express lanes | Direction | Inbound | Travel Time | 5 minutes | 10 min avg | Decreased by | 5 min | Speed | 55 MPH | Uncongested | 13 MPH faster than Local | Gateway traffic information courtesy of the Illino
2026-04-19 19:08:02 UTC,Inbound,Data unavailable,unavailable,Closed,unavailable,Express Chi | Chicago Express Lane Status | Chicago Express Lane Status | Up to date information on the Chicago Kennedy Express lanes | Direction | Inbound | Travel Time | Data unavailable | Speed | Data unavailable | Note: | Express lanes may be closed or data is temporarily unavailable. Please check back later. | Gatew
2026-04-19 19:52:26 UTC,Outbound,12 minutes,24,unknown,-4 MPH,Express Chi | Chicago Express Lane Status | Chicago Express Lane Status | Up to date information on the Chicago Kennedy Express lanes | Direction | Outbound | Travel Time | 12 minutes | Data unavailable | Speed | 24 MPH | Medium Congestion | 4 MPH slower than Local | Gateway traffic information courtesy of the Illinois Dep
2026-04-19 20:32:46 UTC,Outbound,7 minutes,40,Light,-7 MPH,Express Chi | Chicago Express Lane Status | Chicago Express Lane Status | Up to date information on the Chicago Kennedy Express lanes | Direction | Outbound | Travel Time | 7 minutes | Data unavailable | Speed | 40 MPH | Light Congestion | 7 MPH slower than Local | Gateway traffic information courtesy of the Illinois Depar
2026-04-19 21:18:47 UTC,Outbound,4 minutes,55,Uncongested,+6 MPH,Express Chi | Chicago Express Lane Status | Chicago Express Lane Status | Up to date information on the Chicago Kennedy Express lanes | Direction | Outbound | Travel Time | 4 minutes | Data unavailable | Speed | 55 MPH | Uncongested | 6 MPH faster than Local | Gateway traffic information courtesy of the Illinois Department
2026-04-19 21:57:37 UTC,Outbound,5 minutes,55,Uncongested,+3 MPH,Express Chi | Chicago Express Lane Status | Chicago Express Lane Status | Up to date information on the Chicago Kennedy Express lanes | Direction | Outbound | Travel Time | 5 minutes | Data unavailable | Speed | 55 MPH | Uncongested | 3 MPH faster than Local | Gateway traffic information courtesy of the Illinois Department
2026-04-19 22:38:47 UTC,Outbound,5 minutes,55,Uncongested,+1 MPH,Express Chi | Chicago Express Lane Status | Chicago Express Lane Status | Up to date information on the Chicago Kennedy Express lanes | Direction | Outbound | Travel Time | 5 minutes | Data unavailable | Speed | 55 MPH | Uncongested | 1 MPH faster than Local | Gateway traffic information courtesy of the Illinois Department
2026-04-19 23:20:30 UTC,Outbound,5 minutes,55,Uncongested,unavailable,Express Chi | Chicago Express Lane Status | Chicago Express Lane Status | Up to date information on the Chicago Kennedy Express lanes | Direction | Outbound | Travel Time | 5 minutes | Data unavailable | Speed | 55 MPH | Uncongested | Same as Local | Gateway traffic information courtesy of the Illinois Department of Transp
2026-04-20 00:01:11 UTC,Outbound,4 minutes,55,Uncongested,unavailable,Express Chi | Chicago Express Lane Status | Chicago Express Lane Status | Up to date information on the Chicago Kennedy Express lanes | Direction | Outbound | Travel Time | 4 minutes | Data unavailable | Speed | 55 MPH | Uncongested | Same as Local | Gateway traffic information courtesy of the Illinois Department of Transp
2026-04-20 03:51:20 UTC,Outbound,Data unavailable,unavailable,Closed,unavailable,Express Chi | Chicago Express Lane Status | Chicago Express Lane Status | Up to date information on the Chicago Kennedy Express lanes | Direction | Outbound | Travel Time | Data unavailable | Speed | Data unavailable | Note: | Express lanes may be closed or data is temporarily unavailable. Please check back later. | Gate
2026-04-20 06:11:46 UTC,Inbound,5 minutes,55,Uncongested,+1 MPH,Express Chi | Chicago Express Lane Status | Chicago Express Lane Status | Up to date information on the Chicago Kennedy Express lanes | Direction | Inbound | Travel Time | 5 minutes | 5 min avg | 0 min | Speed | 55 MPH | Uncongested | 1 MPH faster than Local | Gateway traffic information courtesy of the Illinois Department o
2026-04-20 08:27:14 UTC,Inbound,5 minutes,55,Uncongested,+1 MPH,Express Chi | Chicago Express Lane Status | Chicago Express Lane Status | Up to date information on the Chicago Kennedy Express lanes | Direction | Inbound | Travel Time | 5 minutes | 5 min avg | 0 min | Speed | 55 MPH | Uncongested | 1 MPH faster than Local | Gateway traffic information courtesy of the Illinois Department o
2026-04-20 10:16:13 UTC,Inbound,4 minutes,55,Uncongested,+1 MPH,Express Chi | Chicago Express Lane Status | Chicago Express Lane Status | Up to date information on the Chicago Kennedy Express lanes | Direction | Inbound | Travel Time | 4 minutes | 5 min avg | Decreased by | 1 min | Speed | 55 MPH | Uncongested | 1 MPH faster than Local | Gateway traffic information courtesy of the Illinois
2026-04-20 11:50:11 UTC,Inbound,10 minutes,32,unknown,-7 MPH,Express Chi | Chicago Express Lane Status | Chicago Express Lane Status | Up to date information on the Chicago Kennedy Express lanes | Direction | Inbound | Travel Time | 10 minutes | 10 min avg | 0 min | Speed | 32 MPH | Medium Congestion | 7 MPH slower than Local | Gateway traffic information courtesy of the Illinois Depa
2026-04-20 13:21:27 UTC,Inbound,24 minutes,13,Heavy,-1 MPH,Express Chi | Chicago Express Lane Status | Chicago Express Lane Status | Up to date information on the Chicago Kennedy Express lanes | Direction | Inbound | Travel Time | 24 minutes | 14 min avg | Increased by | 10 min | Speed | 13 MPH | Heavy Congestion | 1 MPH slower than Local | Gateway traffic information courtesy of the 
2026-04-20 15:01:21 UTC,Inbound,15 minutes,20,unknown,-12 MPH,Express Chi | Chicago Express Lane Status | Chicago Express Lane Status | Up to date information on the Chicago Kennedy Express lanes | Direction | Inbound | Travel Time | 15 minutes | 10 min avg | Increased by | 5 min | Speed | 20 MPH | Medium Congestion | 12 MPH slower than Local | Gateway traffic information courtesy of the
2026-04-20 16:21:26 UTC,Inbound,5 minutes,55,Uncongested,+11 MPH,Express Chi | Chicago Express Lane Status | Chicago Express Lane Status | Up to date information on the Chicago Kennedy Express lanes | Direction | Inbound | Travel Time | 5 minutes | 8 min avg | Decreased by | 3 min | Speed | 55 MPH | Uncongested | 11 MPH faster than Local | Gateway traffic information courtesy of the Illinoi
2026-04-20 17:34:13 UTC,Inbound,Data unavailable,unavailable,Closed,unavailable,Express Chi | Chicago Express Lane Status | Chicago Express Lane Status | Up to date information on the Chicago Kennedy Express lanes | Direction | Inbound | Travel Time | Data unavailable | Speed | Data unavailable | Note: | Express lanes may be closed or data is temporarily unavailable. Please check back later. | Gatew
2026-04-20 18:41:09 UTC,Inbound,Data unavailable,unavailable,Closed,unavailable,Express Chi | Chicago Express Lane Status | Chicago Express Lane Status | Up to date information on the Chicago Kennedy Express lanes | Direction | Inbound | Travel Time | Data unavailable | Speed | Data unavailable | Note: | Express lanes may be closed or data is temporarily unavailable. Please check back later. | Gatew
2026-04-20 19:44:29 UTC,Outbound,10 minutes,28,unknown,+3 MPH,Express Chi | Chicago Express Lane Status | Chicago Express Lane Status | Up to date information on the Chicago Kennedy Express lanes | Direction | Outbound | Travel Time | 10 minutes | Data unavailable | Speed | 28 MPH | Medium Congestion | 3 MPH faster than Local | Gateway traffic information courtesy of the Illinois Dep
2026-04-20 20:28:55 UTC,Outbound,10 minutes,28,unknown,+8 MPH,Express Chi | Chicago Express Lane Status | Chicago Express Lane Status | Up to date information on the Chicago Kennedy Express lanes | Direction | Outbound | Travel Time | 10 minutes | Data unavailable | Speed | 28 MPH | Medium Congestion | 8 MPH faster than Local | Gateway traffic information courtesy of the Illinois Dep
2026-04-20 21:24:42 UTC,Outbound,13 minutes,22,unknown,unavailable,Express Chi | Chicago Express Lane Status | Chicago Express Lane Status | Up to date information on the Chicago Kennedy Express lanes | Direction | Outbound | Travel Time | 13 minutes | Data unavailable | Speed | 22 MPH | Medium Congestion | Same as Local | Gateway traffic information courtesy of the Illinois Department of
2026-04-20 22:06:42 UTC,Outbound,12 minutes,25,unknown,+1 MPH,Express Chi | Chicago Express Lane Status | Chicago Express Lane Status | Up to date information on the Chicago Kennedy Express lanes | Direction | Outbound | Travel Time | 12 minutes | Data unavailable | Speed | 25 MPH | Medium Congestion | 1 MPH faster than Local | Gateway traffic information courtesy of the Illinois Dep
2026-04-20 23:02:33 UTC,Outbound,8 minutes,36,Light,-19 MPH,Express Chi | Chicago Express Lane Status | Chicago Express Lane Status | Up to date information on the Chicago Kennedy Express lanes | Direction | Outbound | Travel Time | 8 minutes | Data unavailable | Speed | 36 MPH | Light Congestion | 19 MPH slower than Local | Gateway traffic information courtesy of the Illinois Depa
2026-04-20 23:57:53 UTC,Outbound,5 minutes,55,Uncongested,unavailable,Express Chi | Chicago Express Lane Status | Chicago Express Lane Status | Up to date information on the Chicago Kennedy Express lanes | Direction | Outbound | Travel Time | 5 minutes | Data unavailable | Speed | 55 MPH | Uncongested | Same as Local | Gateway traffic information courtesy of the Illinois Department of Transp
2026-04-21 02:50:42 UTC,Outbound,5 minutes,55,Uncongested,unavailable,Express Chi | Chicago Express Lane Status | Chicago Express Lane Status | Up to date information on the Chicago Kennedy Express lanes | Direction | Outbound | Travel Time | 5 minutes | Data unavailable | Speed | 55 MPH | Uncongested | Same as Local | Gateway traffic information courtesy of the Illinois Department of Transp
2026-04-21 05:23:28 UTC,Inbound,5 minutes,55,Uncongested,+1 MPH,Express Chi | Chicago Express Lane Status | Chicago Express Lane Status | Up to date information on the Chicago Kennedy Express lanes | Direction | Inbound | Travel Time | 5 minutes | Data unavailable | Speed | 55 MPH | Uncongested | 1 MPH faster than Local | Gateway traffic information courtesy of the Illinois Department 
2026-04-21 07:10:59 UTC,Inbound,4 minutes,55,Uncongested,+1 MPH,Express Chi | Chicago Express Lane Status | Chicago Express Lane Status | Up to date information on the Chicago Kennedy Express lanes | Direction | Inbound | Travel Time | 4 minutes | 5 min avg | Decreased by | 1 min | Speed | 55 MPH | Uncongested | 1 MPH faster than Local | Gateway traffic information courtesy of the Illinois
2026-04-21 09:02:16 UTC,Inbound,4 minutes,55,Uncongested,+1 MPH,Express Chi | Chicago Express Lane Status | Chicago Express Lane Status | Up to date information on the Chicago Kennedy Express lanes | Direction | Inbound | Travel Time | 4 minutes | 4 min avg | 0 min | Speed | 55 MPH | Uncongested | 1 MPH faster than Local | Gateway traffic information courtesy of the Illinois Department o
2026-04-21 10:43:28 UTC,Inbound,4 minutes,55,Uncongested,+1 MPH,Express Chi | Chicago Express Lane Status | Chicago Express Lane Status | Up to date information on the Chicago Kennedy Express lanes | Direction | Inbound | Travel Time | 4 minutes | 6 min avg | Decreased by | 2 min | Speed | 55 MPH | Uncongested | 1 MPH faster than Local | Gateway traffic information courtesy of the Illinois
2026-04-21 11:45:58 UTC,Inbound,9 minutes,34,unknown,-3 MPH,Express Chi | Chicago Express Lane Status | Chicago Express Lane Status | Up to date information on the Chicago Kennedy Express lanes | Direction | Inbound | Travel Time | 9 minutes | 10 min avg | Decreased by | 1 min | Speed | 34 MPH | Medium Congestion | 3 MPH slower than Local | Gateway traffic information courtesy of the I
2026-04-21 13:16:09 UTC,Inbound,25 minutes,12,Heavy,-2 MPH,Express Chi | Chicago Express Lane Status | Chicago Express Lane Status | Up to date information on the Chicago Kennedy Express lanes | Direction | Inbound | Travel Time | 25 minutes | 15 min avg | Increased by | 10 min | Speed | 12 MPH | Heavy Congestion | 2 MPH slower than Local | Gateway traffic information courtesy of the 
2026-04-21 14:56:43 UTC,Inbound,20 minutes,15,Heavy,-3 MPH,Express Chi | Chicago Express Lane Status | Chicago Express Lane Status | Up to date information on the Chicago Kennedy Express lanes | Direction | Inbound | Travel Time | 20 minutes | 13 min avg | Increased by | 7 min | Speed | 15 MPH | Heavy Congestion | 3 MPH slower than Local | Gateway traffic information courtesy of the I
2026-04-21 16:10:00 UTC,Inbound,12 minutes,26,unknown,-4 MPH,Express Chi | Chicago Express Lane Status | Chicago Express Lane Status | Up to date information on the Chicago Kennedy Express lanes | Direction | Inbound | Travel Time | 12 minutes | 9 min avg | Increased by | 3 min | Speed | 26 MPH | Medium Congestion | 4 MPH slower than Local | Gateway traffic information courtesy of the I
2026-04-21 17:15:54 UTC,Inbound,7 minutes,42,Light,-3 MPH,Express Chi | Chicago Express Lane Status | Chicago Express Lane Status | Up to date information on the Chicago Kennedy Express lanes | Direction | Inbound | Travel Time | 7 minutes | 9 min avg | Decreased by | 2 min | Speed | 42 MPH | Light Congestion | 3 MPH slower than Local | Gateway traffic information courtesy of the Ill
2026-04-21 18:37:28 UTC,Outbound,5 minutes,55,Uncongested,+13 MPH,Express Chi | Chicago Express Lane Status | Chicago Express Lane Status | Up to date information on the Chicago Kennedy Express lanes | Direction | Outbound | Travel Time | 5 minutes | Data unavailable | Speed | 55 MPH | Uncongested | 13 MPH faster than Local | Gateway traffic information courtesy of the Illinois Departmen
2026-04-21 19:49:18 UTC,Outbound,16 minutes,19,unknown,+2 MPH,Express Chi | Chicago Express Lane Status | Chicago Express Lane Status | Up to date information on the Chicago Kennedy Express lanes | Direction | Outbound | Travel Time | 16 minutes | Data unavailable | Speed | 19 MPH | Medium Congestion | 2 MPH faster than Local | Gateway traffic information courtesy of the Illinois Dep
2026-04-21 20:46:11 UTC,Outbound,16 minutes,18,unknown,+3 MPH,Express Chi | Chicago Express Lane Status | Chicago Express Lane Status | Up to date information on the Chicago Kennedy Express lanes | Direction | Outbound | Travel Time | 16 minutes | Data unavailable | Speed | 18 MPH | Medium Congestion | 3 MPH faster than Local | Gateway traffic information courtesy of the Illinois Dep
2026-04-21 21:41:28 UTC,Outbound,14 minutes,21,unknown,+3 MPH,Express Chi | Chicago Express Lane Status | Chicago Express Lane Status | Up to date information on the Chicago Kennedy Express lanes | Direction | Outbound | Travel Time | 14 minutes | Data unavailable | Speed | 21 MPH | Medium Congestion | 3 MPH faster than Local | Gateway traffic information courtesy of the Illinois Dep
2026-04-21 22:25:29 UTC,Outbound,13 minutes,23,unknown,-1 MPH,Express Chi | Chicago Express Lane Status | Chicago Express Lane Status | Up to date information on the Chicago Kennedy Express lanes | Direction | Outbound | Travel Time | 13 minutes | Data unavailable | Speed | 23 MPH | Medium Congestion | 1 MPH slower than Local | Gateway traffic information courtesy of the Illinois Dep
2026-04-21 23:05:51 UTC,Outbound,7 minutes,39,Light,-4 MPH,Express Chi | Chicago Express Lane Status | Chicago Express Lane Status | Up to date information on the Chicago Kennedy Express lanes | Direction | Outbound | Travel Time | 7 minutes | Data unavailable | Speed | 39 MPH | Light Congestion | 4 MPH slower than Local | Gateway traffic information courtesy of the Illinois Depar
2026-04-21 23:50:46 UTC,Outbound,5 minutes,55,Uncongested,unavailable,Express Chi | Chicago Express Lane Status | Chicago Express Lane Status | Up to date information on the Chicago Kennedy Express lanes | Direction | Outbound | Travel Time | 5 minutes | Data unavailable | Speed | 55 MPH | Uncongested | Same as Local | Gateway traffic information courtesy of the Illinois Department of Transp
2026-04-22 02:07:16 UTC,Outbound,5 minutes,55,Uncongested,unavailable,Express Chi | Chicago Express Lane Status | Chicago Express Lane Status | Up to date information on the Chicago Kennedy Express lanes | Direction | Outbound | Travel Time | 5 minutes | Data unavailable | Speed | 55 MPH | Uncongested | Same as Local | Gateway traffic information courtesy of the Illinois Department of Transp
2026-04-22 05:07:32 UTC,Inbound,5 minutes,55,Uncongested,+1 MPH,Express Chi | Chicago Express Lane Status | Chicago Express Lane Status | Up to date information on the Chicago Kennedy Express lanes | Direction | Inbound | Travel Time | 5 minutes | Data unavailable | Speed | 55 MPH | Uncongested | 1 MPH faster than Local | Gateway traffic information courtesy of the Illinois Department 
2026-04-22 07:04:40 UTC,Inbound,5 minutes,55,Uncongested,+1 MPH,Express Chi | Chicago Express Lane Status | Chicago Express Lane Status | Up to date information on the Chicago Kennedy Express lanes | Direction | Inbound | Travel Time | 5 minutes | 5 min avg | 0 min | Speed | 55 MPH | Uncongested | 1 MPH faster than Local | Gateway traffic information courtesy of the Illinois Department o
2026-04-22 08:56:21 UTC,Inbound,4 minutes,55,Uncongested,+1 MPH,Express Chi | Chicago Express Lane Status | Chicago Express Lane Status | Up to date information on the Chicago Kennedy Express lanes | Direction | Inbound | Travel Time | 4 minutes | 5 min avg | Decreased by | 1 min | Speed | 55 MPH | Uncongested | 1 MPH faster than Local | Gateway traffic information courtesy of the Illinois
2026-04-22 10:18:22 UTC,Inbound,4 minutes,55,Uncongested,+1 MPH,Express Chi | Chicago Express Lane Status | Chicago Express Lane Status | Up to date information on the Chicago Kennedy Express lanes | Direction | Inbound | Travel Time | 4 minutes | 5 min avg | Decreased by | 1 min | Speed | 55 MPH | Uncongested | 1 MPH faster than Local | Gateway traffic information courtesy of the Illinois
2026-04-22 11:36:06 UTC,Inbound,6 minutes,51,Light,+12 MPH,Express Chi | Chicago Express Lane Status | Chicago Express Lane Status | Up to date information on the Chicago Kennedy Express lanes | Direction | Inbound | Travel Time | 6 minutes | 9 min avg | Decreased by | 3 min | Speed | 51 MPH | Light Congestion | 12 MPH faster than Local | Gateway traffic information courtesy of the Il
2026-04-22 12:44:06 UTC,Inbound,18 minutes,17,unknown,+3 MPH,Express Chi | Chicago Express Lane Status | Chicago Express Lane Status | Up to date information on the Chicago Kennedy Express lanes | Direction | Inbound | Travel Time | 18 minutes | 15 min avg | Increased by | 3 min | Speed | 17 MPH | Medium Congestion | 3 MPH faster than Local | Gateway traffic information courtesy of the 
2026-04-22 14:23:04 UTC,Inbound,24 minutes,13,Heavy,+2 MPH,Express Chi | Chicago Express Lane Status | Chicago Express Lane Status | Up to date information on the Chicago Kennedy Express lanes | Direction | Inbound | Travel Time | 24 minutes | 16 min avg | Increased by | 8 min | Speed | 13 MPH | Heavy Congestion | 2 MPH faster than Local | Gateway traffic information courtesy of the I
2026-04-22 15:48:43 UTC,Inbound,11 minutes,28,unknown,-9 MPH,Express Chi | Chicago Express Lane Status | Chicago Express Lane Status | Up to date information on the Chicago Kennedy Express lanes | Direction | Inbound | Travel Time | 11 minutes | 10 min avg | Increased by | 1 min | Speed | 28 MPH | Medium Congestion | 9 MPH slower than Local | Gateway traffic information courtesy of the 
2026-04-22 16:54:22 UTC,unknown,unavailable,unavailable,Closed,unavailable,Express Chi | Chicago Express Lane Status | Chicago Express Lane Status | Up to date information on the Chicago Kennedy Express lanes | Status: | Closed | Gateway traffic information courtesy of the Illinois Department of Transportation | Made with ❤ by | Tësh
2026-04-22 17:57:21 UTC,unknown,unavailable,unavailable,Closed,unavailable,Express Chi | Chicago Express Lane Status | Chicago Express Lane Status | Up to date information on the Chicago Kennedy Express lanes | Status: | Closed | Gateway traffic information courtesy of the Illinois Department of Transportation | Made with ❤ by | Tësh
2026-04-22 19:16:29 UTC,Outbound,16 minutes,19,unknown,unavailable,Express Chi | Chicago Express Lane Status | Chicago Express Lane Status | Up to date information on the Chicago Kennedy Express lanes | Direction | Outbound | Travel Time | 16 minutes | Data unavailable | Speed | 19 MPH | Medium Congestion | Same as Local | Gateway traffic information courtesy of the Illinois Department of
2026-04-22 20:29:15 UTC,Outbound,22 minutes,13,Heavy,+1 MPH,Express Chi | Chicago Express Lane Status | Chicago Express Lane Status | Up to date information on the Chicago Kennedy Express lanes | Direction | Outbound | Travel Time | 22 minutes | Data unavailable | Speed | 13 MPH | Heavy Congestion | 1 MPH faster than Local | Gateway traffic information courtesy of the Illinois Depa
2026-04-22 21:27:47 UTC,Outbound,19 minutes,15,Heavy,unavailable,Express Chi | Chicago Express Lane Status | Chicago Express Lane Status | Up to date information on the Chicago Kennedy Express lanes | Direction | Outbound | Travel Time | 19 minutes | Data unavailable | Speed | 15 MPH | Heavy Congestion | Same as Local | Gateway traffic information courtesy of the Illinois Department of 
2026-04-22 22:10:54 UTC,Outbound,17 minutes,17,unknown,unavailable,Express Chi | Chicago Express Lane Status | Chicago Express Lane Status | Up to date information on the Chicago Kennedy Express lanes | Direction | Outbound | Travel Time | 17 minutes | Data unavailable | Speed | 17 MPH | Medium Congestion | Same as Local | Gateway traffic information courtesy of the Illinois Department of
2026-04-22 23:06:08 UTC,Outbound,8 minutes,35,Light,-3 MPH,Express Chi | Chicago Express Lane Status | Chicago Express Lane Status | Up to date information on the Chicago Kennedy Express lanes | Direction | Outbound | Travel Time | 8 minutes | Data unavailable | Speed | 35 MPH | Light Congestion | 3 MPH slower than Local | Gateway traffic information courtesy of the Illinois Depar
2026-04-23 00:00:41 UTC,Outbound,5 minutes,55,Uncongested,unavailable,Express Chi | Chicago Express Lane Status | Chicago Express Lane Status | Up to date information on the Chicago Kennedy Express lanes | Direction | Outbound | Travel Time | 5 minutes | Data unavailable | Speed | 55 MPH | Uncongested | Same as Local | Gateway traffic information courtesy of the Illinois Department of Transp
2026-04-23 03:45:52 UTC,Outbound,Data unavailable,unavailable,Closed,unavailable,Express Chi | Chicago Express Lane Status | Chicago Express Lane Status | Up to date information on the Chicago Kennedy Express lanes | Direction | Outbound | Travel Time | Data unavailable | Speed | Data unavailable | Note: | Express lanes may be closed or data is temporarily unavailable. Please check back later. | Gate
2026-04-23 06:02:48 UTC,Inbound,4 minutes,55,Uncongested,+1 MPH,Express Chi | Chicago Express Lane Status | Chicago Express Lane Status | Up to date information on the Chicago Kennedy Express lanes | Direction | Inbound | Travel Time | 4 minutes | 5 min avg | Decreased by | 1 min | Speed | 55 MPH | Uncongested | 1 MPH faster than Local | Gateway traffic information courtesy of the Illinois
2026-04-23 08:09:29 UTC,Inbound,4 minutes,55,Uncongested,+1 MPH,Express Chi | Chicago Express Lane Status | Chicago Express Lane Status | Up to date information on the Chicago Kennedy Express lanes | Direction | Inbound | Travel Time | 4 minutes | 5 min avg | Decreased by | 1 min | Speed | 55 MPH | Uncongested | 1 MPH faster than Local | Gateway traffic information courtesy of the Illinois
2026-04-23 09:56:10 UTC,Inbound,4 minutes,55,Uncongested,+1 MPH,Express Chi | Chicago Express Lane Status | Chicago Express Lane Status | Up to date information on the Chicago Kennedy Express lanes | Direction | Inbound | Travel Time | 4 minutes | 4 min avg | 0 min | Speed | 55 MPH | Uncongested | 1 MPH faster than Local | Gateway traffic information courtesy of the Illinois Department o
2026-04-23 11:06:36 UTC,Inbound,5 minutes,55,Uncongested,+1 MPH,Express Chi | Chicago Express Lane Status | Chicago Express Lane Status | Up to date information on the Chicago Kennedy Express lanes | Direction | Inbound | Travel Time | 5 minutes | 7 min avg | Decreased by | 2 min | Speed | 55 MPH | Uncongested | 1 MPH faster than Local | Gateway traffic information courtesy of the Illinois
2026-04-23 12:08:13 UTC,Inbound,11 minutes,28,unknown,+5 MPH,Express Chi | Chicago Express Lane Status | Chicago Express Lane Status | Up to date information on the Chicago Kennedy Express lanes | Direction | Inbound | Travel Time | 11 minutes | 13 min avg | Decreased by | 2 min | Speed | 28 MPH | Medium Congestion | 5 MPH faster than Local | Gateway traffic information courtesy of the 
2026-04-23 14:09:48 UTC,Inbound,23 minutes,13,Heavy,+1 MPH,Express Chi | Chicago Express Lane Status | Chicago Express Lane Status | Up to date information on the Chicago Kennedy Express lanes | Direction | Inbound | Travel Time | 23 minutes | 16 min avg | Increased by | 7 min | Speed | 13 MPH | Heavy Congestion | 1 MPH faster than Local | Gateway traffic information courtesy of the I
2026-04-23 16:06:18 UTC,Inbound,18 minutes,17,unknown,-2 MPH,Express Chi | Chicago Express Lane Status | Chicago Express Lane Status | Up to date information on the Chicago Kennedy Express lanes | Direction | Inbound | Travel Time | 18 minutes | 10 min avg | Increased by | 8 min | Speed | 17 MPH | Medium Congestion | 2 MPH slower than Local | Gateway traffic information courtesy of the 
2026-04-23 17:44:03 UTC,Inbound,Data unavailable,unavailable,Closed,unavailable,Express Chi | Chicago Express Lane Status | Chicago Express Lane Status | Up to date information on the Chicago Kennedy Express lanes | Direction | Inbound | Travel Time | Data unavailable | Speed | Data unavailable | Note: | Express lanes may be closed or data is temporarily unavailable. Please check back later. | Gatew
2026-04-23 18:46:08 UTC,Inbound,Data unavailable,unavailable,Closed,unavailable,Express Chi | Chicago Express Lane Status | Chicago Express Lane Status | Up to date information on the Chicago Kennedy Express lanes | Direction | Inbound | Travel Time | Data unavailable | Speed | Data unavailable | Note: | Express lanes may be closed or data is temporarily unavailable. Please check back later. | Gatew
2026-04-23 20:04:02 UTC,Outbound,18 minutes,17,unknown,+2 MPH,Express Chi | Chicago Express Lane Status | Chicago Express Lane Status | Up to date information on the Chicago Kennedy Express lanes | Direction | Outbound | Travel Time | 18 minutes | Data unavailable | Speed | 17 MPH | Medium Congestion | 2 MPH faster than Local | Gateway traffic information courtesy of the Illinois Dep
2026-04-23 21:06:28 UTC,Outbound,18 minutes,16,unknown,+2 MPH,Express Chi | Chicago Express Lane Status | Chicago Express Lane Status | Up to date information on the Chicago Kennedy Express lanes | Direction | Outbound | Travel Time | 18 minutes | Data unavailable | Speed | 16 MPH | Medium Congestion | 2 MPH faster than Local | Gateway traffic information courtesy of the Illinois Dep
2026-04-23 22:00:35 UTC,Outbound,17 minutes,17,unknown,+1 MPH,Express Chi | Chicago Express Lane Status | Chicago Express Lane Status | Up to date information on the Chicago Kennedy Express lanes | Direction | Outbound | Travel Time | 17 minutes | Data unavailable | Speed | 17 MPH | Medium Congestion | 1 MPH faster than Local | Gateway traffic information courtesy of the Illinois Dep
2026-04-23 23:06:08 UTC,Outbound,12 minutes,24,unknown,+7 MPH,Express Chi | Chicago Express Lane Status | Chicago Express Lane Status | Up to date information on the Chicago Kennedy Express lanes | Direction | Outbound | Travel Time | 12 minutes | Data unavailable | Speed | 24 MPH | Medium Congestion | 7 MPH faster than Local | Gateway traffic information courtesy of the Illinois Dep
2026-04-24 00:02:17 UTC,Outbound,6 minutes,47,Light,+3 MPH,Express Chi | Chicago Express Lane Status | Chicago Express Lane Status | Up to date information on the Chicago Kennedy Express lanes | Direction | Outbound | Travel Time | 6 minutes | Data unavailable | Speed | 47 MPH | Light Congestion | 3 MPH faster than Local | Gateway traffic information courtesy of the Illinois Depar
2026-04-24 03:49:22 UTC,Inbound,Data unavailable,unavailable,Closed,unavailable,Express Chi | Chicago Express Lane Status | Chicago Express Lane Status | Up to date information on the Chicago Kennedy Express lanes | Direction | Inbound | Travel Time | Data unavailable | Speed | Data unavailable | Note: | Express lanes may be closed or data is temporarily unavailable. Please check back later. | Gatew
2026-04-24 06:05:13 UTC,Inbound,Data unavailable,unavailable,Closed,unavailable,Express Chi | Chicago Express Lane Status | Chicago Express Lane Status | Up to date information on the Chicago Kennedy Express lanes | Direction | Inbound | Travel Time | Data unavailable | Speed | Data unavailable | Note: | Express lanes may be closed or data is temporarily unavailable. Please check back later. | Gatew
2026-04-24 08:21:38 UTC,Inbound,Data unavailable,unavailable,Closed,unavailable,Express Chi | Chicago Express Lane Status | Chicago Express Lane Status | Up to date information on the Chicago Kennedy Express lanes | Direction | Inbound | Travel Time | Data unavailable | Speed | Data unavailable | Note: | Express lanes may be closed or data is temporarily unavailable. Please check back later. | Gatew
2026-04-24 10:01:59 UTC,Inbound,Data unavailable,unavailable,Closed,unavailable,Express Chi | Chicago Express Lane Status | Chicago Express Lane Status | Up to date information on the Chicago Kennedy Express lanes | Direction | Inbound | Travel Time | Data unavailable | Speed | Data unavailable | Note: | Express lanes may be closed or data is temporarily unavailable. Please check back later. | Gatew
2026-04-24 11:32:34 UTC,Inbound,5 minutes,55,Uncongested,+2 MPH,Express Chi | Chicago Express Lane Status | Chicago Express Lane Status | Up to date information on the Chicago Kennedy Express lanes | Direction | Inbound | Travel Time | 5 minutes | 9 min avg | Decreased by | 4 min | Speed | 55 MPH | Uncongested | 2 MPH faster than Local | Gateway traffic information courtesy of the Illinois
2026-04-24 12:42:31 UTC,Inbound,19 minutes,16,unknown,-8 MPH,Express Chi | Chicago Express Lane Status | Chicago Express Lane Status | Up to date information on the Chicago Kennedy Express lanes | Direction | Inbound | Travel Time | 19 minutes | 13 min avg | Increased by | 6 min | Speed | 16 MPH | Medium Congestion | 8 MPH slower than Local | Gateway traffic information courtesy of the 
2026-04-24 14:19:10 UTC,Inbound,34 minutes,9,Heavy,-5 MPH,Express Chi | Chicago Express Lane Status | Chicago Express Lane Status | Up to date information on the Chicago Kennedy Express lanes | Direction | Inbound | Travel Time | 34 minutes | 11 min avg | Increased by | 23 min | Speed | 9 MPH | Heavy Congestion | 5 MPH slower than Local | Gateway traffic information courtesy of the I
2026-04-24 15:45:40 UTC,Inbound,6 minutes,47,Light,+5 MPH,Express Chi | Chicago Express Lane Status | Chicago Express Lane Status | Up to date information on the Chicago Kennedy Express lanes | Direction | Inbound | Travel Time | 6 minutes | 9 min avg | Decreased by | 3 min | Speed | 47 MPH | Light Congestion | 5 MPH faster than Local | Gateway traffic information courtesy of the Ill
2026-04-24 16:51:01 UTC,Inbound,5 minutes,55,Uncongested,+7 MPH,Express Chi | Chicago Express Lane Status | Chicago Express Lane Status | Up to date information on the Chicago Kennedy Express lanes | Direction | Inbound | Travel Time | 5 minutes | 10 min avg | Decreased by | 5 min | Speed | 55 MPH | Uncongested | 7 MPH faster than Local | Gateway traffic information courtesy of the Illinoi
2026-04-24 17:46:44 UTC,Inbound,9 minutes,32,unknown,+6 MPH,Express Chi | Chicago Express Lane Status | Chicago Express Lane Status | Up to date information on the Chicago Kennedy Express lanes | Direction | Inbound | Travel Time | 9 minutes | 11 min avg | Decreased by | 2 min | Speed | 32 MPH | Medium Congestion | 6 MPH faster than Local | Gateway traffic information courtesy of the I
2026-04-24 18:43:01 UTC,Inbound,Data unavailable,unavailable,Closed,unavailable,Express Chi | Chicago Express Lane Status | Chicago Express Lane Status | Up to date information on the Chicago Kennedy Express lanes | Direction | Inbound | Travel Time | Data unavailable | Speed | Data unavailable | Note: | Express lanes may be closed or data is temporarily unavailable. Please check back later. | Gatew
2026-04-24 19:38:48 UTC,Outbound,14 minutes,21,unknown,+3 MPH,Express Chi | Chicago Express Lane Status | Chicago Express Lane Status | Up to date information on the Chicago Kennedy Express lanes | Direction | Outbound | Travel Time | 14 minutes | Data unavailable | Speed | 21 MPH | Medium Congestion | 3 MPH faster than Local | Gateway traffic information courtesy of the Illinois Dep
2026-04-24 20:28:55 UTC,Outbound,20 minutes,15,Heavy,+2 MPH,Express Chi | Chicago Express Lane Status | Chicago Express Lane Status | Up to date information on the Chicago Kennedy Express lanes | Direction | Outbound | Travel Time | 20 minutes | Data unavailable | Speed | 15 MPH | Heavy Congestion | 2 MPH faster than Local | Gateway traffic information courtesy of the Illinois Depa
2026-04-24 22:07:57 UTC,Outbound,16 minutes,19,unknown,-3 MPH,Express Chi | Chicago Express Lane Status | Chicago Express Lane Status | Up to date information on the Chicago Kennedy Express lanes | Direction | Outbound | Travel Time | 16 minutes | Data unavailable | Speed | 19 MPH | Medium Congestion | 3 MPH slower than Local | Gateway traffic information courtesy of the Illinois Dep
2026-04-24 22:57:35 UTC,Outbound,7 minutes,41,Light,+12 MPH,Express Chi | Chicago Express Lane Status | Chicago Express Lane Status | Up to date information on the Chicago Kennedy Express lanes | Direction | Outbound | Travel Time | 7 minutes | Data unavailable | Speed | 41 MPH | Light Congestion | 12 MPH faster than Local | Gateway traffic information courtesy of the Illinois Depa
2026-04-24 23:41:26 UTC,Inbound,Data unavailable,unavailable,Closed,unavailable,Express Chi | Chicago Express Lane Status | Chicago Express Lane Status | Up to date information on the Chicago Kennedy Express lanes | Direction | Inbound | Travel Time | Data unavailable | Speed | Data unavailable | Note: | Express lanes may be closed or data is temporarily unavailable. Please check back later. | Gatew
2026-04-25 01:05:14 UTC,Inbound,Data unavailable,unavailable,Closed,unavailable,Express Chi | Chicago Express Lane Status | Chicago Express Lane Status | Up to date information on the Chicago Kennedy Express lanes | Direction | Inbound | Travel Time | Data unavailable | Speed | Data unavailable | Note: | Express lanes may be closed or data is temporarily unavailable. Please check back later. | Gatew
2026-04-25 04:08:14 UTC,Outbound,Data unavailable,unavailable,Closed,unavailable,Express Chi | Chicago Express Lane Status | Chicago Express Lane Status | Up to date information on the Chicago Kennedy Express lanes | Direction | Outbound | Travel Time | Data unavailable | Speed | Data unavailable | Note: | Express lanes may be closed or data is temporarily unavailable. Please check back later. | Gate
2026-04-25 05:57:59 UTC,Outbound,Data unavailable,unavailable,Closed,unavailable,Express Chi | Chicago Express Lane Status | Chicago Express Lane Status | Up to date information on the Chicago Kennedy Express lanes | Direction | Outbound | Travel Time | Data unavailable | Speed | Data unavailable | Note: | Express lanes may be closed or data is temporarily unavailable. Please check back later. | Gate
2026-04-25 07:23:18 UTC,Outbound,Data unavailable,unavailable,Closed,unavailable,Express Chi | Chicago Express Lane Status | Chicago Express Lane Status | Up to date information on the Chicago Kennedy Express lanes | Direction | Outbound | Travel Time | Data unavailable | Speed | Data unavailable | Note: | Express lanes may be closed or data is temporarily unavailable. Please check back later. | Gate
2026-04-25 08:29:48 UTC,Inbound,5 minutes,55,Uncongested,+1 MPH,Express Chi | Chicago Express Lane Status | Chicago Express Lane Status | Up to date information on the Chicago Kennedy Express lanes | Direction | Inbound | Travel Time | 5 minutes | 5 min avg | 0 min | Speed | 55 MPH | Uncongested | 1 MPH faster than Local | Gateway traffic information courtesy of the Illinois Department o
2026-04-25 09:30:38 UTC,Inbound,5 minutes,55,Uncongested,+1 MPH,Express Chi | Chicago Express Lane Status | Chicago Express Lane Status | Up to date information on the Chicago Kennedy Express lanes | Direction | Inbound | Travel Time | 5 minutes | 5 min avg | 0 min | Speed | 55 MPH | Uncongested | 1 MPH faster than Local | Gateway traffic information courtesy of the Illinois Department o
2026-04-25 10:28:21 UTC,Inbound,4 minutes,55,Uncongested,+1 MPH,Express Chi | Chicago Express Lane Status | Chicago Express Lane Status | Up to date information on the Chicago Kennedy Express lanes | Direction | Inbound | Travel Time | 4 minutes | 5 min avg | Decreased by | 1 min | Speed | 55 MPH | Uncongested | 1 MPH faster than Local | Gateway traffic information courtesy of the Illinois
2026-04-25 11:12:28 UTC,Inbound,4 minutes,55,Uncongested,+1 MPH,Express Chi | Chicago Express Lane Status | Chicago Express Lane Status | Up to date information on the Chicago Kennedy Express lanes | Direction | Inbound | Travel Time | 4 minutes | 5 min avg | Decreased by | 1 min | Speed | 55 MPH | Uncongested | 1 MPH faster than Local | Gateway traffic information courtesy of the Illinois
2026-04-25 11:54:34 UTC,Inbound,5 minutes,55,Uncongested,+1 MPH,Express Chi | Chicago Express Lane Status | Chicago Express Lane Status | Up to date information on the Chicago Kennedy Express lanes | Direction | Inbound | Travel Time | 5 minutes | 6 min avg | Decreased by | 1 min | Speed | 55 MPH | Uncongested | 1 MPH faster than Local | Gateway traffic information courtesy of the Illinois
2026-04-25 12:55:53 UTC,Inbound,5 minutes,55,Uncongested,+1 MPH,Express Chi | Chicago Express Lane Status | Chicago Express Lane Status | Up to date information on the Chicago Kennedy Express lanes | Direction | Inbound | Travel Time | 5 minutes | 6 min avg | Decreased by | 1 min | Speed | 55 MPH | Uncongested | 1 MPH faster than Local | Gateway traffic information courtesy of the Illinois
2026-04-25 14:01:49 UTC,Inbound,5 minutes,55,Uncongested,+1 MPH,Express Chi | Chicago Express Lane Status | Chicago Express Lane Status | Up to date information on the Chicago Kennedy Express lanes | Direction | Inbound | Travel Time | 5 minutes | 8 min avg | Decreased by | 3 min | Speed | 55 MPH | Uncongested | 1 MPH faster than Local | Gateway traffic information courtesy of the Illinois
2026-04-25 14:59:19 UTC,Inbound,5 minutes,55,Uncongested,+14 MPH,Express Chi | Chicago Express Lane Status | Chicago Express Lane Status | Up to date information on the Chicago Kennedy Express lanes | Direction | Inbound | Travel Time | 5 minutes | 10 min avg | Decreased by | 5 min | Speed | 55 MPH | Uncongested | 14 MPH faster than Local | Gateway traffic information courtesy of the Illino
2026-04-25 15:48:52 UTC,Inbound,7 minutes,44,Light,+7 MPH,Express Chi | Chicago Express Lane Status | Chicago Express Lane Status | Up to date information on the Chicago Kennedy Express lanes | Direction | Inbound | Travel Time | 7 minutes | 10 min avg | Decreased by | 3 min | Speed | 44 MPH | Light Congestion | 7 MPH faster than Local | Gateway traffic information courtesy of the Il
2026-04-25 16:36:13 UTC,Inbound,6 minutes,48,Light,+12 MPH,Express Chi | Chicago Express Lane Status | Chicago Express Lane Status | Up to date information on the Chicago Kennedy Express lanes | Direction | Inbound | Travel Time | 6 minutes | 10 min avg | Decreased by | 4 min | Speed | 48 MPH | Light Congestion | 12 MPH faster than Local | Gateway traffic information courtesy of the I
2026-04-25 17:23:53 UTC,Inbound,7 minutes,41,Light,+13 MPH,Express Chi | Chicago Express Lane Status | Chicago Express Lane Status | Up to date information on the Chicago Kennedy Express lanes | Direction | Inbound | Travel Time | 7 minutes | 11 min avg | Decreased by | 4 min | Speed | 41 MPH | Light Congestion | 13 MPH faster than Local | Gateway traffic information courtesy of the I
2026-04-25 18:02:25 UTC,Inbound,12 minutes,25,unknown,+1 MPH,Express Chi | Chicago Express Lane Status | Chicago Express Lane Status | Up to date information on the Chicago Kennedy Express lanes | Direction | Inbound | Travel Time | 12 minutes | 11 min avg | Increased by | 1 min | Speed | 25 MPH | Medium Congestion | 1 MPH faster than Local | Gateway traffic information courtesy of the 
2026-04-25 19:10:43 UTC,Inbound,Data unavailable,unavailable,Closed,unavailable,Express Chi | Chicago Express Lane Status | Chicago Express Lane Status | Up to date information on the Chicago Kennedy Express lanes | Direction | Inbound | Travel Time | Data unavailable | Speed | Data unavailable | Note: | Express lanes may be closed or data is temporarily unavailable. Please check back later. | Gatew
2026-04-25 19:53:26 UTC,Outbound,10 minutes,30,unknown,-20 MPH,Express Chi | Chicago Express Lane Status | Chicago Express Lane Status | Up to date information on the Chicago Kennedy Express lanes | Direction | Outbound | Travel Time | 10 minutes | Data unavailable | Speed | 30 MPH | Medium Congestion | 20 MPH slower than Local | Gateway traffic information courtesy of the Illinois De
2026-04-25 20:34:00 UTC,Outbound,8 minutes,37,Light,-3 MPH,Express Chi | Chicago Express Lane Status | Chicago Express Lane Status | Up to date information on the Chicago Kennedy Express lanes | Direction | Outbound | Travel Time | 8 minutes | Data unavailable | Speed | 37 MPH | Light Congestion | 3 MPH slower than Local | Gateway traffic information courtesy of the Illinois Depar
2026-04-25 21:20:16 UTC,Outbound,8 minutes,34,unknown,-13 MPH,Express Chi | Chicago Express Lane Status | Chicago Express Lane Status | Up to date information on the Chicago Kennedy Express lanes | Direction | Outbound | Travel Time | 8 minutes | Data unavailable | Speed | 34 MPH | Medium Congestion | 13 MPH slower than Local | Gateway traffic information courtesy of the Illinois Dep
2026-04-25 21:59:12 UTC,Outbound,4 minutes,55,Uncongested,unavailable,Express Chi | Chicago Express Lane Status | Chicago Express Lane Status | Up to date information on the Chicago Kennedy Express lanes | Direction | Outbound | Travel Time | 4 minutes | Data unavailable | Speed | 55 MPH | Uncongested | Same as Local | Gateway traffic information courtesy of the Illinois Department of Transp
2026-04-25 22:46:03 UTC,Outbound,Data unavailable,unavailable,Closed,unavailable,Express Chi | Chicago Express Lane Status | Chicago Express Lane Status | Up to date information on the Chicago Kennedy Express lanes | Direction | Outbound | Travel Time | Data unavailable | Speed | Data unavailable | Note: | Express lanes may be closed or data is temporarily unavailable. Please check back later. | Gate
2026-04-25 23:33:37 UTC,Outbound,Data unavailable,unavailable,Closed,unavailable,Express Chi | Chicago Express Lane Status | Chicago Express Lane Status | Up to date information on the Chicago Kennedy Express lanes | Direction | Outbound | Travel Time | Data unavailable | Speed | Data unavailable | Note: | Express lanes may be closed or data is temporarily unavailable. Please check back later. | Gate
2026-04-26 01:12:45 UTC,Inbound,5 minutes,55,Uncongested,+8 MPH,Express Chi | Chicago Express Lane Status | Chicago Express Lane Status | Up to date information on the Chicago Kennedy Express lanes | Direction | Inbound | Travel Time | 5 minutes | 9 min avg | Decreased by | 4 min | Speed | 55 MPH | Uncongested | 8 MPH faster than Local | Gateway traffic information courtesy of the Illinois
2026-04-26 04:31:31 UTC,Outbound,Data unavailable,unavailable,Closed,unavailable,Express Chi | Chicago Express Lane Status | Chicago Express Lane Status | Up to date information on the Chicago Kennedy Express lanes | Direction | Outbound | Travel Time | Data unavailable | Speed | Data unavailable | Note: | Express lanes may be closed or data is temporarily unavailable. Please check back later. | Gate
2026-04-26 06:28:06 UTC,Inbound,4 minutes,55,Uncongested,+1 MPH,Express Chi | Chicago Express Lane Status | Chicago Express Lane Status | Up to date information on the Chicago Kennedy Express lanes | Direction | Inbound | Travel Time | 4 minutes | 5 min avg | Decreased by | 1 min | Speed | 55 MPH | Uncongested | 1 MPH faster than Local | Gateway traffic information courtesy of the Illinois
2026-04-26 08:03:00 UTC,Inbound,4 minutes,55,Uncongested,+1 MPH,Express Chi | Chicago Express Lane Status | Chicago Express Lane Status | Up to date information on the Chicago Kennedy Express lanes | Direction | Inbound | Travel Time | 4 minutes | 5 min avg | Decreased by | 1 min | Speed | 55 MPH | Uncongested | 1 MPH faster than Local | Gateway traffic information courtesy of the Illinois
2026-04-26 09:13:59 UTC,Inbound,5 minutes,55,Uncongested,+1 MPH,Express Chi | Chicago Express Lane Status | Chicago Express Lane Status | Up to date information on the Chicago Kennedy Express lanes | Direction | Inbound | Travel Time | 5 minutes | 5 min avg | 0 min | Speed | 55 MPH | Uncongested | 1 MPH faster than Local | Gateway traffic information courtesy of the Illinois Department o
2026-04-26 10:08:03 UTC,Inbound,4 minutes,55,Uncongested,+1 MPH,Express Chi | Chicago Express Lane Status | Chicago Express Lane Status | Up to date information on the Chicago Kennedy Express lanes | Direction | Inbound | Travel Time | 4 minutes | 5 min avg | Decreased by | 1 min | Speed | 55 MPH | Uncongested | 1 MPH faster than Local | Gateway traffic information courtesy of the Illinois
2026-04-26 11:02:34 UTC,Inbound,4 minutes,55,Uncongested,+1 MPH,Express Chi | Chicago Express Lane Status | Chicago Express Lane Status | Up to date information on the Chicago Kennedy Express lanes | Direction | Inbound | Travel Time | 4 minutes | 5 min avg | Decreased by | 1 min | Speed | 55 MPH | Uncongested | 1 MPH faster than Local | Gateway traffic information courtesy of the Illinois
2026-04-26 11:54:48 UTC,Inbound,4 minutes,55,Uncongested,+1 MPH,Express Chi | Chicago Express Lane Status | Chicago Express Lane Status | Up to date information on the Chicago Kennedy Express lanes | Direction | Inbound | Travel Time | 4 minutes | 5 min avg | Decreased by | 1 min | Speed | 55 MPH | Uncongested | 1 MPH faster than Local | Gateway traffic information courtesy of the Illinois
2026-04-26 12:57:40 UTC,Inbound,5 minutes,55,Uncongested,+1 MPH,Express Chi | Chicago Express Lane Status | Chicago Express Lane Status | Up to date information on the Chicago Kennedy Express lanes | Direction | Inbound | Travel Time | 5 minutes | 5 min avg | 0 min | Speed | 55 MPH | Uncongested | 1 MPH faster than Local | Gateway traffic information courtesy of the Illinois Department o
2026-04-26 14:04:59 UTC,Inbound,5 minutes,55,Uncongested,+1 MPH,Express Chi | Chicago Express Lane Status | Chicago Express Lane Status | Up to date information on the Chicago Kennedy Express lanes | Direction | Inbound | Travel Time | 5 minutes | 6 min avg | Decreased by | 1 min | Speed | 55 MPH | Uncongested | 1 MPH faster than Local | Gateway traffic information courtesy of the Illinois
2026-04-26 15:00:53 UTC,Inbound,5 minutes,55,Uncongested,+1 MPH,Express Chi | Chicago Express Lane Status | Chicago Express Lane Status | Up to date information on the Chicago Kennedy Express lanes | Direction | Inbound | Travel Time | 5 minutes | 8 min avg | Decreased by | 3 min | Speed | 55 MPH | Uncongested | 1 MPH faster than Local | Gateway traffic information courtesy of the Illinois
2026-04-26 15:56:40 UTC,Inbound,5 minutes,55,Uncongested,+11 MPH,Express Chi | Chicago Express Lane Status | Chicago Express Lane Status | Up to date information on the Chicago Kennedy Express lanes | Direction | Inbound | Travel Time | 5 minutes | 9 min avg | Decreased by | 4 min | Speed | 55 MPH | Uncongested | 11 MPH faster than Local | Gateway traffic information courtesy of the Illinoi
2026-04-26 16:42:03 UTC,Inbound,6 minutes,47,Light,unavailable,Express Chi | Chicago Express Lane Status | Chicago Express Lane Status | Up to date information on the Chicago Kennedy Express lanes | Direction | Inbound | Travel Time | 6 minutes | 10 min avg | Decreased by | 4 min | Speed | 47 MPH | Light Congestion | Same as Local | Gateway traffic information courtesy of the Illinois Dep
2026-04-26 17:24:53 UTC,Inbound,6 minutes,52,Light,+10 MPH,Express Chi | Chicago Express Lane Status | Chicago Express Lane Status | Up to date information on the Chicago Kennedy Express lanes | Direction | Inbound | Travel Time | 6 minutes | 10 min avg | Decreased by | 4 min | Speed | 52 MPH | Light Congestion | 10 MPH faster than Local | Gateway traffic information courtesy of the I
2026-04-26 18:04:07 UTC,Inbound,6 minutes,50,Light,+14 MPH,Express Chi | Chicago Express Lane Status | Chicago Express Lane Status | Up to date information on the Chicago Kennedy Express lanes | Direction | Inbound | Travel Time | 6 minutes | 10 min avg | Decreased by | 4 min | Speed | 50 MPH | Light Congestion | 14 MPH faster than Local | Gateway traffic information courtesy of the I
2026-04-26 19:13:06 UTC,Outbound,Data unavailable,unavailable,Closed,unavailable,Express Chi | Chicago Express Lane Status | Chicago Express Lane Status | Up to date information on the Chicago Kennedy Express lanes | Direction | Outbound | Travel Time | Data unavailable | Speed | Data unavailable | Note: | Express lanes may be closed or data is temporarily unavailable. Please check back later. | Gate
2026-04-26 19:56:08 UTC,Outbound,8 minutes,35,Light,-7 MPH,Express Chi | Chicago Express Lane Status | Chicago Express Lane Status | Up to date information on the Chicago Kennedy Express lanes | Direction | Outbound | Travel Time | 8 minutes | Data unavailable | Speed | 35 MPH | Light Congestion | 7 MPH slower than Local | Gateway traffic information courtesy of the Illinois Depar
2026-04-26 20:36:25 UTC,Outbound,5 minutes,55,Uncongested,unavailable,Express Chi | Chicago Express Lane Status | Chicago Express Lane Status | Up to date information on the Chicago Kennedy Express lanes | Direction | Outbound | Travel Time | 5 minutes | Data unavailable | Speed | 55 MPH | Uncongested | Same as Local | Gateway traffic information courtesy of the Illinois Department of Transp
2026-04-26 21:21:18 UTC,Outbound,8 minutes,38,Light,-17 MPH,Express Chi | Chicago Express Lane Status | Chicago Express Lane Status | Up to date information on the Chicago Kennedy Express lanes | Direction | Outbound | Travel Time | 8 minutes | Data unavailable | Speed | 38 MPH | Light Congestion | 17 MPH slower than Local | Gateway traffic information courtesy of the Illinois Depa
2026-04-26 22:01:17 UTC,Outbound,6 minutes,49,Light,-6 MPH,Express Chi | Chicago Express Lane Status | Chicago Express Lane Status | Up to date information on the Chicago Kennedy Express lanes | Direction | Outbound | Travel Time | 6 minutes | Data unavailable | Speed | 49 MPH | Light Congestion | 6 MPH slower than Local | Gateway traffic information courtesy of the Illinois Depar
2026-04-26 22:58:13 UTC,Outbound,4 minutes,55,Uncongested,unavailable,Express Chi | Chicago Express Lane Status | Chicago Express Lane Status | Up to date information on the Chicago Kennedy Express lanes | Direction | Outbound | Travel Time | 4 minutes | Data unavailable | Speed | 55 MPH | Uncongested | Same as Local | Gateway traffic information courtesy of the Illinois Department of Transp
2026-04-26 23:43:02 UTC,Outbound,4 minutes,55,Uncongested,unavailable,Express Chi | Chicago Express Lane Status | Chicago Express Lane Status | Up to date information on the Chicago Kennedy Express lanes | Direction | Outbound | Travel Time | 4 minutes | Data unavailable | Speed | 55 MPH | Uncongested | Same as Local | Gateway traffic information courtesy of the Illinois Department of Transp
2026-04-27 01:15:04 UTC,Outbound,5 minutes,55,Uncongested,unavailable,Express Chi | Chicago Express Lane Status | Chicago Express Lane Status | Up to date information on the Chicago Kennedy Express lanes | Direction | Outbound | Travel Time | 5 minutes | Data unavailable | Speed | 55 MPH | Uncongested | Same as Local | Gateway traffic information courtesy of the Illinois Department of Transp
2026-04-27 04:42:08 UTC,Outbound,Data unavailable,unavailable,Closed,unavailable,Express Chi | Chicago Express Lane Status | Chicago Express Lane Status | Up to date information on the Chicago Kennedy Express lanes | Direction | Outbound | Travel Time | Data unavailable | Speed | Data unavailable | Note: | Express lanes may be closed or data is temporarily unavailable. Please check back later. | Gate
2026-04-27 07:22:44 UTC,Inbound,5 minutes,55,Uncongested,+1 MPH,Express Chi | Chicago Express Lane Status | Chicago Express Lane Status | Up to date information on the Chicago Kennedy Express lanes | Direction | Inbound | Travel Time | 5 minutes | 5 min avg | 0 min | Speed | 55 MPH | Uncongested | 1 MPH faster than Local | Gateway traffic information courtesy of the Illinois Department o
2026-04-27 09:36:24 UTC,Inbound,4 minutes,55,Uncongested,+1 MPH,Express Chi | Chicago Express Lane Status | Chicago Express Lane Status | Up to date information on the Chicago Kennedy Express lanes | Direction | Inbound | Travel Time | 4 minutes | 4 min avg | 0 min | Speed | 55 MPH | Uncongested | 1 MPH faster than Local | Gateway traffic information courtesy of the Illinois Department o
2026-04-27 11:26:42 UTC,Inbound,5 minutes,55,Uncongested,+3 MPH,Express Chi | Chicago Express Lane Status | Chicago Express Lane Status | Up to date information on the Chicago Kennedy Express lanes | Direction | Inbound | Travel Time | 5 minutes | 8 min avg | Decreased by | 3 min | Speed | 55 MPH | Uncongested | 3 MPH faster than Local | Gateway traffic information courtesy of the Illinois
2026-04-27 13:03:34 UTC,Inbound,21 minutes,14,Heavy,-1 MPH,Express Chi | Chicago Express Lane Status | Chicago Express Lane Status | Up to date information on the Chicago Kennedy Express lanes | Direction | Inbound | Travel Time | 21 minutes | 14 min avg | Increased by | 7 min | Speed | 14 MPH | Heavy Congestion | 1 MPH slower than Local | Gateway traffic information courtesy of the I
2026-04-27 15:18:58 UTC,Inbound,6 minutes,47,Light,+6 MPH,Express Chi | Chicago Express Lane Status | Chicago Express Lane Status | Up to date information on the Chicago Kennedy Express lanes | Direction | Inbound | Travel Time | 6 minutes | 9 min avg | Decreased by | 3 min | Speed | 47 MPH | Light Congestion | 6 MPH faster than Local | Gateway traffic information courtesy of the Ill
2026-04-27 17:05:30 UTC,Inbound,5 minutes,55,Uncongested,+11 MPH,Express Chi | Chicago Express Lane Status | Chicago Express Lane Status | Up to date information on the Chicago Kennedy Express lanes | Direction | Inbound | Travel Time | 5 minutes | 9 min avg | Decreased by | 4 min | Speed | 55 MPH | Uncongested | 11 MPH faster than Local | Gateway traffic information courtesy of the Illinoi
2026-04-27 18:19:13 UTC,Inbound,Data unavailable,unavailable,Closed,unavailable,Express Chi | Chicago Express Lane Status | Chicago Express Lane Status | Up to date information on the Chicago Kennedy Express lanes | Direction | Inbound | Travel Time | Data unavailable | Speed | Data unavailable | Note: | Express lanes may be closed or data is temporarily unavailable. Please check back later. | Gatew
2026-04-27 19:53:37 UTC,Outbound,7 minutes,41,Light,+10 MPH,Express Chi | Chicago Express Lane Status | Chicago Express Lane Status | Up to date information on the Chicago Kennedy Express lanes | Direction | Outbound | Travel Time | 7 minutes | Data unavailable | Speed | 41 MPH | Light Congestion | 10 MPH faster than Local | Gateway traffic information courtesy of the Illinois Depa
2026-04-27 20:57:25 UTC,Outbound,7 minutes,39,Light,-1 MPH,Express Chi | Chicago Express Lane Status | Chicago Express Lane Status | Up to date information on the Chicago Kennedy Express lanes | Direction | Outbound | Travel Time | 7 minutes | Data unavailable | Speed | 39 MPH | Light Congestion | 1 MPH slower than Local | Gateway traffic information courtesy of the Illinois Depar
2026-04-27 21:53:43 UTC,Outbound,5 minutes,55,Uncongested,+7 MPH,Express Chi | Chicago Express Lane Status | Chicago Express Lane Status | Up to date information on the Chicago Kennedy Express lanes | Direction | Outbound | Travel Time | 5 minutes | Data unavailable | Speed | 55 MPH | Uncongested | 7 MPH faster than Local | Gateway traffic information courtesy of the Illinois Department
2026-04-27 22:47:00 UTC,Outbound,5 minutes,55,Uncongested,unavailable,Express Chi | Chicago Express Lane Status | Chicago Express Lane Status | Up to date information on the Chicago Kennedy Express lanes | Direction | Outbound | Travel Time | 5 minutes | Data unavailable | Speed | 55 MPH | Uncongested | Same as Local | Gateway traffic information courtesy of the Illinois Department of Transp
2026-04-27 23:50:16 UTC,Outbound,5 minutes,55,Uncongested,unavailable,Express Chi | Chicago Express Lane Status | Chicago Express Lane Status | Up to date information on the Chicago Kennedy Express lanes | Direction | Outbound | Travel Time | 5 minutes | Data unavailable | Speed | 55 MPH | Uncongested | Same as Local | Gateway traffic information courtesy of the Illinois Department of Transp
2026-04-28 02:33:35 UTC,Outbound,5 minutes,55,Uncongested,unavailable,Express Chi | Chicago Express Lane Status | Chicago Express Lane Status | Up to date information on the Chicago Kennedy Express lanes | Direction | Outbound | Travel Time | 5 minutes | Data unavailable | Speed | 55 MPH | Uncongested | Same as Local | Gateway traffic information courtesy of the Illinois Department of Transp
2026-04-28 05:46:17 UTC,Inbound,5 minutes,55,Uncongested,+1 MPH,Express Chi | Chicago Express Lane Status | Chicago Express Lane Status | Up to date information on the Chicago Kennedy Express lanes | Direction | Inbound | Travel Time | 5 minutes | 5 min avg | 0 min | Speed | 55 MPH | Uncongested | 1 MPH faster than Local | Gateway traffic information courtesy of the Illinois Department o
2026-04-28 08:18:38 UTC,Inbound,5 minutes,55,Uncongested,+1 MPH,Express Chi | Chicago Express Lane Status | Chicago Express Lane Status | Up to date information on the Chicago Kennedy Express lanes | Direction | Inbound | Travel Time | 5 minutes | 5 min avg | 0 min | Speed | 55 MPH | Uncongested | 1 MPH faster than Local | Gateway traffic information courtesy of the Illinois Department o
2026-04-28 10:29:55 UTC,Inbound,4 minutes,55,Uncongested,+1 MPH,Express Chi | Chicago Express Lane Status | Chicago Express Lane Status | Up to date information on the Chicago Kennedy Express lanes | Direction | Inbound | Travel Time | 4 minutes | 5 min avg | Decreased by | 1 min | Speed | 55 MPH | Uncongested | 1 MPH faster than Local | Gateway traffic information courtesy of the Illinois
2026-04-28 12:12:18 UTC,Inbound,15 minutes,21,unknown,-5 MPH,Express Chi | Chicago Express Lane Status | Chicago Express Lane Status | Up to date information on the Chicago Kennedy Express lanes | Direction | Inbound | Travel Time | 15 minutes | 12 min avg | Increased by | 3 min | Speed | 21 MPH | Medium Congestion | 5 MPH slower than Local | Gateway traffic information courtesy of the 
2026-04-28 16:28:10 UTC,Inbound,5 minutes,55,Uncongested,+1 MPH,Express Chi | Chicago Express Lane Status | Chicago Express Lane Status | Up to date information on the Chicago Kennedy Express lanes | Direction | Inbound | Travel Time | 5 minutes | 9 min avg | Decreased by | 4 min | Speed | 55 MPH | Uncongested | 1 MPH faster than Local | Gateway traffic information courtesy of the Illinois
2026-04-28 18:06:08 UTC,unknown,unavailable,unavailable,Closed,unavailable,Express Chi | Chicago Express Lane Status | Chicago Express Lane Status | Up to date information on the Chicago Kennedy Express lanes | Status: | Closed | Gateway traffic information courtesy of the Illinois Department of Transportation | Made with ❤ by | Tësh
2026-04-28 19:55:31 UTC,Outbound,7 minutes,40,Light,+11 MPH,Express Chi | Chicago Express Lane Status | Chicago Express Lane Status | Up to date information on the Chicago Kennedy Express lanes | Direction | Outbound | Travel Time | 7 minutes | Data unavailable | Speed | 40 MPH | Light Congestion | 11 MPH faster than Local | Gateway traffic information courtesy of the Illinois Depa
2026-04-28 21:04:05 UTC,Outbound,6 minutes,49,Light,+25 MPH,Express Chi | Chicago Express Lane Status | Chicago Express Lane Status | Up to date information on the Chicago Kennedy Express lanes | Direction | Outbound | Travel Time | 6 minutes | Data unavailable | Speed | 49 MPH | Light Congestion | 25 MPH faster than Local | Gateway traffic information courtesy of the Illinois Depa
2026-04-28 22:10:36 UTC,Outbound,10 minutes,30,unknown,unavailable,Express Chi | Chicago Express Lane Status | Chicago Express Lane Status | Up to date information on the Chicago Kennedy Express lanes | Direction | Outbound | Travel Time | 10 minutes | Data unavailable | Speed | 30 MPH | Medium Congestion | Same as Local | Gateway traffic information courtesy of the Illinois Department of
2026-04-28 23:09:16 UTC,Outbound,8 minutes,35,Light,-17 MPH,Express Chi | Chicago Express Lane Status | Chicago Express Lane Status | Up to date information on the Chicago Kennedy Express lanes | Direction | Outbound | Travel Time | 8 minutes | Data unavailable | Speed | 35 MPH | Light Congestion | 17 MPH slower than Local | Gateway traffic information courtesy of the Illinois Depa
2026-04-29 00:06:12 UTC,Outbound,5 minutes,55,Uncongested,unavailable,Express Chi | Chicago Express Lane Status | Chicago Express Lane Status | Up to date information on the Chicago Kennedy Express lanes | Direction | Outbound | Travel Time | 5 minutes | Data unavailable | Speed | 55 MPH | Uncongested | Same as Local | Gateway traffic information courtesy of the Illinois Department of Transp
2026-04-29 04:02:01 UTC,Outbound,Data unavailable,unavailable,Closed,unavailable,Express Chi | Chicago Express Lane Status | Chicago Express Lane Status | Up to date information on the Chicago Kennedy Express lanes | Direction | Outbound | Travel Time | Data unavailable | Speed | Data unavailable | Note: | Express lanes may be closed or data is temporarily unavailable. Please check back later. | Gate
2026-04-29 06:37:09 UTC,Inbound,5 minutes,55,Uncongested,+1 MPH,Express Chi | Chicago Express Lane Status | Chicago Express Lane Status | Up to date information on the Chicago Kennedy Express lanes | Direction | Inbound | Travel Time | 5 minutes | 5 min avg | 0 min | Speed | 55 MPH | Uncongested | 1 MPH faster than Local | Gateway traffic information courtesy of the Illinois Department o
2026-04-29 09:00:46 UTC,Inbound,5 minutes,55,Uncongested,+1 MPH,Express Chi | Chicago Express Lane Status | Chicago Express Lane Status | Up to date information on the Chicago Kennedy Express lanes | Direction | Inbound | Travel Time | 5 minutes | 5 min avg | 0 min | Speed | 55 MPH | Uncongested | 1 MPH faster than Local | Gateway traffic information courtesy of the Illinois Department o
2026-04-29 11:04:10 UTC,Inbound,5 minutes,55,Uncongested,+1 MPH,Express Chi | Chicago Express Lane Status | Chicago Express Lane Status | Up to date information on the Chicago Kennedy Express lanes | Direction | Inbound | Travel Time | 5 minutes | 7 min avg | Decreased by | 2 min | Speed | 55 MPH | Uncongested | 1 MPH faster than Local | Gateway traffic information courtesy of the Illinois
2026-04-29 12:53:16 UTC,Inbound,20 minutes,15,unknown,unavailable,Express Chi | Chicago Express Lane Status | Chicago Express Lane Status | Up to date information on the Chicago Kennedy Express lanes | Direction | Inbound | Travel Time | 20 minutes | 15 min avg | Increased by | 5 min | Speed | 15 MPH | Medium Congestion | Same as Local | Gateway traffic information courtesy of the Illinois D
2026-04-29 15:08:43 UTC,Inbound,16 minutes,19,unknown,-8 MPH,Express Chi | Chicago Express Lane Status | Chicago Express Lane Status | Up to date information on the Chicago Kennedy Express lanes | Direction | Inbound | Travel Time | 16 minutes | 12 min avg | Increased by | 4 min | Speed | 19 MPH | Medium Congestion | 8 MPH slower than Local | Gateway traffic information courtesy of the 
2026-04-29 16:53:09 UTC,Inbound,5 minutes,55,Uncongested,+16 MPH,Express Chi | Chicago Express Lane Status | Chicago Express Lane Status | Up to date information on the Chicago Kennedy Express lanes | Direction | Inbound | Travel Time | 5 minutes | 9 min avg | Decreased by | 4 min | Speed | 55 MPH | Uncongested | 16 MPH faster than Local | Gateway traffic information courtesy of the Illinoi
2026-04-29 18:09:30 UTC,Inbound,Data unavailable,unavailable,Closed,unavailable,Express Chi | Chicago Express Lane Status | Chicago Express Lane Status | Up to date information on the Chicago Kennedy Express lanes | Direction | Inbound | Travel Time | Data unavailable | Speed | Data unavailable | Note: | Express lanes may be closed or data is temporarily unavailable. Please check back later. | Gatew
2026-04-29 19:52:56 UTC,Outbound,22 minutes,13,Heavy,-6 MPH,Express Chi | Chicago Express Lane Status | Chicago Express Lane Status | Up to date information on the Chicago Kennedy Express lanes | Direction | Outbound | Travel Time | 22 minutes | Data unavailable | Speed | 13 MPH | Heavy Congestion | 6 MPH slower than Local | Gateway traffic information courtesy of the Illinois Depa
2026-04-29 20:59:08 UTC,Outbound,12 minutes,23,unknown,+6 MPH,Express Chi | Chicago Express Lane Status | Chicago Express Lane Status | Up to date information on the Chicago Kennedy Express lanes | Direction | Outbound | Travel Time | 12 minutes | Data unavailable | Speed | 23 MPH | Medium Congestion | 6 MPH faster than Local | Gateway traffic information courtesy of the Illinois Dep
2026-04-29 22:04:41 UTC,Outbound,15 minutes,20,unknown,+2 MPH,Express Chi | Chicago Express Lane Status | Chicago Express Lane Status | Up to date information on the Chicago Kennedy Express lanes | Direction | Outbound | Travel Time | 15 minutes | Data unavailable | Speed | 20 MPH | Medium Congestion | 2 MPH faster than Local | Gateway traffic information courtesy of the Illinois Dep
2026-04-29 23:09:39 UTC,Outbound,12 minutes,25,unknown,-1 MPH,Express Chi | Chicago Express Lane Status | Chicago Express Lane Status | Up to date information on the Chicago Kennedy Express lanes | Direction | Outbound | Travel Time | 12 minutes | Data unavailable | Speed | 25 MPH | Medium Congestion | 1 MPH slower than Local | Gateway traffic information courtesy of the Illinois Dep
2026-04-30 00:07:03 UTC,Outbound,4 minutes,55,Uncongested,unavailable,Express Chi | Chicago Express Lane Status | Chicago Express Lane Status | Up to date information on the Chicago Kennedy Express lanes | Direction | Outbound | Travel Time | 4 minutes | Data unavailable | Speed | 55 MPH | Uncongested | Same as Local | Gateway traffic information courtesy of the Illinois Department of Transp
2026-04-30 04:02:36 UTC,Outbound,Data unavailable,unavailable,Closed,unavailable,Express Chi | Chicago Express Lane Status | Chicago Express Lane Status | Up to date information on the Chicago Kennedy Express lanes | Direction | Outbound | Travel Time | Data unavailable | Speed | Data unavailable | Note: | Express lanes may be closed or data is temporarily unavailable. Please check back later. | Gate
2026-04-30 06:40:49 UTC,Outbound,Data unavailable,unavailable,Closed,unavailable,Express Chi | Chicago Express Lane Status | Chicago Express Lane Status | Up to date information on the Chicago Kennedy Express lanes | Direction | Outbound | Travel Time | Data unavailable | Speed | Data unavailable | Note: | Express lanes may be closed or data is temporarily unavailable. Please check back later. | Gate
2026-04-30 09:02:33 UTC,Inbound,5 minutes,55,Uncongested,+1 MPH,Express Chi | Chicago Express Lane Status | Chicago Express Lane Status | Up to date information on the Chicago Kennedy Express lanes | Direction | Inbound | Travel Time | 5 minutes | 4 min avg | Increased by | 1 min | Speed | 55 MPH | Uncongested | 1 MPH faster than Local | Gateway traffic information courtesy of the Illinois
2026-04-30 11:05:17 UTC,Inbound,5 minutes,55,Uncongested,+1 MPH,Express Chi | Chicago Express Lane Status | Chicago Express Lane Status | Up to date information on the Chicago Kennedy Express lanes | Direction | Inbound | Travel Time | 5 minutes | 7 min avg | Decreased by | 2 min | Speed | 55 MPH | Uncongested | 1 MPH faster than Local | Gateway traffic information courtesy of the Illinois
2026-04-30 12:52:46 UTC,Inbound,20 minutes,15,Heavy,+1 MPH,Express Chi | Chicago Express Lane Status | Chicago Express Lane Status | Up to date information on the Chicago Kennedy Express lanes | Direction | Inbound | Travel Time | 20 minutes | 16 min avg | Increased by | 4 min | Speed | 15 MPH | Heavy Congestion | 1 MPH faster than Local | Gateway traffic information courtesy of the I
2026-04-30 15:05:25 UTC,Inbound,19 minutes,16,unknown,-5 MPH,Express Chi | Chicago Express Lane Status | Chicago Express Lane Status | Up to date information on the Chicago Kennedy Express lanes | Direction | Inbound | Travel Time | 19 minutes | 14 min avg | Increased by | 5 min | Speed | 16 MPH | Medium Congestion | 5 MPH slower than Local | Gateway traffic information courtesy of the 
2026-04-30 16:46:08 UTC,Inbound,9 minutes,34,unknown,-1 MPH,Express Chi | Chicago Express Lane Status | Chicago Express Lane Status | Up to date information on the Chicago Kennedy Express lanes | Direction | Inbound | Travel Time | 9 minutes | 9 min avg | 0 min | Speed | 34 MPH | Medium Congestion | 1 MPH slower than Local | Gateway traffic information courtesy of the Illinois Depart
2026-04-30 18:07:22 UTC,unknown,unavailable,unavailable,Closed,unavailable,Express Chi | Chicago Express Lane Status | Chicago Express Lane Status | Up to date information on the Chicago Kennedy Express lanes | Status: | Closed | Gateway traffic information courtesy of the Illinois Department of Transportation | Made with ❤ by | Tësh
2026-04-30 19:48:41 UTC,Outbound,21 minutes,14,Heavy,-1 MPH,Express Chi | Chicago Express Lane Status | Chicago Express Lane Status | Up to date information on the Chicago Kennedy Express lanes | Direction | Outbound | Travel Time | 21 minutes | Data unavailable | Speed | 14 MPH | Heavy Congestion | 1 MPH slower than Local | Gateway traffic information courtesy of the Illinois Depa
2026-04-30 20:56:04 UTC,Outbound,19 minutes,15,unknown,+1 MPH,Express Chi | Chicago Express Lane Status | Chicago Express Lane Status | Up to date information on the Chicago Kennedy Express lanes | Direction | Outbound | Travel Time | 19 minutes | Data unavailable | Speed | 15 MPH | Medium Congestion | 1 MPH faster than Local | Gateway traffic information courtesy of the Illinois Dep
2026-04-30 21:54:33 UTC,Outbound,21 minutes,14,Heavy,unavailable,Express Chi | Chicago Express Lane Status | Chicago Express Lane Status | Up to date information on the Chicago Kennedy Express lanes | Direction | Outbound | Travel Time | 21 minutes | Data unavailable | Speed | 14 MPH | Heavy Congestion | Same as Local | Gateway traffic information courtesy of the Illinois Department of 
2026-04-30 22:50:20 UTC,Outbound,17 minutes,17,unknown,+5 MPH,Express Chi | Chicago Express Lane Status | Chicago Express Lane Status | Up to date information on the Chicago Kennedy Express lanes | Direction | Outbound | Travel Time | 17 minutes | Data unavailable | Speed | 17 MPH | Medium Congestion | 5 MPH faster than Local | Gateway traffic information courtesy of the Illinois Dep
2026-04-30 23:48:41 UTC,Outbound,20 minutes,15,Heavy,-6 MPH,Express Chi | Chicago Express Lane Status | Chicago Express Lane Status | Up to date information on the Chicago Kennedy Express lanes | Direction | Outbound | Travel Time | 20 minutes | Data unavailable | Speed | 15 MPH | Heavy Congestion | 6 MPH slower than Local | Gateway traffic information courtesy of the Illinois Depa
2026-05-01 02:40:17 UTC,Outbound,5 minutes,55,Uncongested,+15 MPH,Express Chi | Chicago Express Lane Status | Chicago Express Lane Status | Up to date information on the Chicago Kennedy Express lanes | Direction | Outbound | Travel Time | 5 minutes | Data unavailable | Speed | 55 MPH | Uncongested | 15 MPH faster than Local | Gateway traffic information courtesy of the Illinois Departmen
2026-05-01 05:56:05 UTC,Inbound,5 minutes,55,Uncongested,+1 MPH,Express Chi | Chicago Express Lane Status | Chicago Express Lane Status | Up to date information on the Chicago Kennedy Express lanes | Direction | Inbound | Travel Time | 5 minutes | 5 min avg | 0 min | Speed | 55 MPH | Uncongested | 1 MPH faster than Local | Gateway traffic information courtesy of the Illinois Department o
2026-05-01 08:09:02 UTC,Inbound,4 minutes,55,Uncongested,+1 MPH,Express Chi | Chicago Express Lane Status | Chicago Express Lane Status | Up to date information on the Chicago Kennedy Express lanes | Direction | Inbound | Travel Time | 4 minutes | 5 min avg | Decreased by | 1 min | Speed | 55 MPH | Uncongested | 1 MPH faster than Local | Gateway traffic information courtesy of the Illinois
2026-05-01 09:57:21 UTC,Inbound,4 minutes,55,Uncongested,+1 MPH,Express Chi | Chicago Express Lane Status | Chicago Express Lane Status | Up to date information on the Chicago Kennedy Express lanes | Direction | Inbound | Travel Time | 4 minutes | 4 min avg | 0 min | Speed | 55 MPH | Uncongested | 1 MPH faster than Local | Gateway traffic information courtesy of the Illinois Department o
2026-05-01 11:07:34 UTC,Inbound,5 minutes,55,Uncongested,+1 MPH,Express Chi | Chicago Express Lane Status | Chicago Express Lane Status | Up to date information on the Chicago Kennedy Express lanes | Direction | Inbound | Travel Time | 5 minutes | 8 min avg | Decreased by | 3 min | Speed | 55 MPH | Uncongested | 1 MPH faster than Local | Gateway traffic information courtesy of the Illinois
2026-05-01 12:05:36 UTC,Inbound,10 minutes,31,unknown,+3 MPH,Express Chi | Chicago Express Lane Status | Chicago Express Lane Status | Up to date information on the Chicago Kennedy Express lanes | Direction | Inbound | Travel Time | 10 minutes | 11 min avg | Decreased by | 1 min | Speed | 31 MPH | Medium Congestion | 3 MPH faster than Local | Gateway traffic information courtesy of the 
2026-05-01 13:53:41 UTC,Inbound,16 minutes,19,unknown,-7 MPH,Express Chi | Chicago Express Lane Status | Chicago Express Lane Status | Up to date information on the Chicago Kennedy Express lanes | Direction | Inbound | Travel Time | 16 minutes | 13 min avg | Increased by | 3 min | Speed | 19 MPH | Medium Congestion | 7 MPH slower than Local | Gateway traffic information courtesy of the 
2026-05-01 14:51:11 UTC,Inbound,20 minutes,15,Heavy,-14 MPH,Express Chi | Chicago Express Lane Status | Chicago Express Lane Status | Up to date information on the Chicago Kennedy Express lanes | Direction | Inbound | Travel Time | 20 minutes | 10 min avg | Increased by | 10 min | Speed | 15 MPH | Heavy Congestion | 14 MPH slower than Local | Gateway traffic information courtesy of the
2026-05-01 15:53:32 UTC,Inbound,9 minutes,34,unknown,unavailable,Express Chi | Chicago Express Lane Status | Chicago Express Lane Status | Up to date information on the Chicago Kennedy Express lanes | Direction | Inbound | Travel Time | 9 minutes | 9 min avg | 0 min | Speed | 34 MPH | Medium Congestion | Same as Local | Gateway traffic information courtesy of the Illinois Department of Tr
2026-05-01 16:52:50 UTC,Inbound,7 minutes,43,Light,+8 MPH,Express Chi | Chicago Express Lane Status | Chicago Express Lane Status | Up to date information on the Chicago Kennedy Express lanes | Direction | Inbound | Travel Time | 7 minutes | 10 min avg | Decreased by | 3 min | Speed | 43 MPH | Light Congestion | 8 MPH faster than Local | Gateway traffic information courtesy of the Il
2026-05-01 17:56:01 UTC,Inbound,8 minutes,37,Light,+3 MPH,Express Chi | Chicago Express Lane Status | Chicago Express Lane Status | Up to date information on the Chicago Kennedy Express lanes | Direction | Inbound | Travel Time | 8 minutes | 11 min avg | Decreased by | 3 min | Speed | 37 MPH | Light Congestion | 3 MPH faster than Local | Gateway traffic information courtesy of the Il
2026-05-01 19:08:45 UTC,Outbound,6 minutes,48,Light,-3 MPH,Express Chi | Chicago Express Lane Status | Chicago Express Lane Status | Up to date information on the Chicago Kennedy Express lanes | Direction | Outbound | Travel Time | 6 minutes | Data unavailable | Speed | 48 MPH | Light Congestion | 3 MPH slower than Local | Gateway traffic information courtesy of the Illinois Depar
2026-05-01 20:11:31 UTC,Outbound,16 minutes,18,unknown,+2 MPH,Express Chi | Chicago Express Lane Status | Chicago Express Lane Status | Up to date information on the Chicago Kennedy Express lanes | Direction | Outbound | Travel Time | 16 minutes | Data unavailable | Speed | 18 MPH | Medium Congestion | 2 MPH faster than Local | Gateway traffic information courtesy of the Illinois Dep
2026-05-01 21:07:17 UTC,Outbound,13 minutes,23,unknown,+7 MPH,Express Chi | Chicago Express Lane Status | Chicago Express Lane Status | Up to date information on the Chicago Kennedy Express lanes | Direction | Outbound | Travel Time | 13 minutes | Data unavailable | Speed | 23 MPH | Medium Congestion | 7 MPH faster than Local | Gateway traffic information courtesy of the Illinois Dep
2026-05-01 22:04:48 UTC,Outbound,14 minutes,21,unknown,+4 MPH,Express Chi | Chicago Express Lane Status | Chicago Express Lane Status | Up to date information on the Chicago Kennedy Express lanes | Direction | Outbound | Travel Time | 14 minutes | Data unavailable | Speed | 21 MPH | Medium Congestion | 4 MPH faster than Local | Gateway traffic information courtesy of the Illinois Dep
2026-05-01 23:06:31 UTC,Outbound,8 minutes,37,Light,+12 MPH,Express Chi | Chicago Express Lane Status | Chicago Express Lane Status | Up to date information on the Chicago Kennedy Express lanes | Direction | Outbound | Travel Time | 8 minutes | Data unavailable | Speed | 37 MPH | Light Congestion | 12 MPH faster than Local | Gateway traffic information courtesy of the Illinois Depa
2026-05-02 00:04:34 UTC,Inbound,Data unavailable,unavailable,Closed,unavailable,Express Chi | Chicago Express Lane Status | Chicago Express Lane Status | Up to date information on the Chicago Kennedy Express lanes | Direction | Inbound | Travel Time | Data unavailable | Speed | Data unavailable | Note: | Express lanes may be closed or data is temporarily unavailable. Please check back later. | Gatew
2026-05-02 03:49:37 UTC,unknown,unavailable,unavailable,Closed,unavailable,Express Chi | Chicago Express Lane Status | Chicago Express Lane Status | Up to date information on the Chicago Kennedy Express lanes | Status: | Closed | Gateway traffic information courtesy of the Illinois Department of Transportation | Made with ❤ by | Tësh
2026-05-02 06:03:42 UTC,Inbound,4 minutes,55,Uncongested,+1 MPH,Express Chi | Chicago Express Lane Status | Chicago Express Lane Status | Up to date information on the Chicago Kennedy Express lanes | Direction | Inbound | Travel Time | 4 minutes | 5 min avg | Decreased by | 1 min | Speed | 55 MPH | Uncongested | 1 MPH faster than Local | Gateway traffic information courtesy of the Illinois
2026-05-02 07:58:45 UTC,Inbound,5 minutes,55,Uncongested,+1 MPH,Express Chi | Chicago Express Lane Status | Chicago Express Lane Status | Up to date information on the Chicago Kennedy Express lanes | Direction | Inbound | Travel Time | 5 minutes | 5 min avg | 0 min | Speed | 55 MPH | Uncongested | 1 MPH faster than Local | Gateway traffic information courtesy of the Illinois Department o
2026-05-02 09:12:41 UTC,Inbound,5 minutes,55,Uncongested,+1 MPH,Express Chi | Chicago Express Lane Status | Chicago Express Lane Status | Up to date information on the Chicago Kennedy Express lanes | Direction | Inbound | Travel Time | 5 minutes | 5 min avg | 0 min | Speed | 55 MPH | Uncongested | 1 MPH faster than Local | Gateway traffic information courtesy of the Illinois Department o
2026-05-02 10:10:39 UTC,Inbound,4 minutes,55,Uncongested,+1 MPH,Express Chi | Chicago Express Lane Status | Chicago Express Lane Status | Up to date information on the Chicago Kennedy Express lanes | Direction | Inbound | Travel Time | 4 minutes | 5 min avg | Decreased by | 1 min | Speed | 55 MPH | Uncongested | 1 MPH faster than Local | Gateway traffic information courtesy of the Illinois
2026-05-02 11:06:15 UTC,Inbound,4 minutes,55,Uncongested,+1 MPH,Express Chi | Chicago Express Lane Status | Chicago Express Lane Status | Up to date information on the Chicago Kennedy Express lanes | Direction | Inbound | Travel Time | 4 minutes | 5 min avg | Decreased by | 1 min | Speed | 55 MPH | Uncongested | 1 MPH faster than Local | Gateway traffic information courtesy of the Illinois
2026-05-02 11:57:50 UTC,Inbound,5 minutes,55,Uncongested,+1 MPH,Express Chi | Chicago Express Lane Status | Chicago Express Lane Status | Up to date information on the Chicago Kennedy Express lanes | Direction | Inbound | Travel Time | 5 minutes | 5 min avg | 0 min | Speed | 55 MPH | Uncongested | 1 MPH faster than Local | Gateway traffic information courtesy of the Illinois Department o
2026-05-02 13:18:07 UTC,Inbound,5 minutes,55,Uncongested,+1 MPH,Express Chi | Chicago Express Lane Status | Chicago Express Lane Status | Up to date information on the Chicago Kennedy Express lanes | Direction | Inbound | Travel Time | 5 minutes | 6 min avg | Decreased by | 1 min | Speed | 55 MPH | Uncongested | 1 MPH faster than Local | Gateway traffic information courtesy of the Illinois
2026-05-02 14:28:36 UTC,Inbound,7 minutes,47,Light,+7 MPH,Express Chi | Chicago Express Lane Status | Chicago Express Lane Status | Up to date information on the Chicago Kennedy Express lanes | Direction | Inbound | Travel Time | 7 minutes | 9 min avg | Decreased by | 2 min | Speed | 47 MPH | Light Congestion | 7 MPH faster than Local | Gateway traffic information courtesy of the Ill
2026-05-02 15:12:05 UTC,Inbound,6 minutes,48,Light,+15 MPH,Express Chi | Chicago Express Lane Status | Chicago Express Lane Status | Up to date information on the Chicago Kennedy Express lanes | Direction | Inbound | Travel Time | 6 minutes | 10 min avg | Decreased by | 4 min | Speed | 48 MPH | Light Congestion | 15 MPH faster than Local | Gateway traffic information courtesy of the I
2026-05-02 16:01:15 UTC,Inbound,9 minutes,34,unknown,-6 MPH,Express Chi | Chicago Express Lane Status | Chicago Express Lane Status | Up to date information on the Chicago Kennedy Express lanes | Direction | Inbound | Travel Time | 9 minutes | 10 min avg | Decreased by | 1 min | Speed | 34 MPH | Medium Congestion | 6 MPH slower than Local | Gateway traffic information courtesy of the I
2026-05-02 17:05:37 UTC,Inbound,14 minutes,22,unknown,-12 MPH,Express Chi | Chicago Express Lane Status | Chicago Express Lane Status | Up to date information on the Chicago Kennedy Express lanes | Direction | Inbound | Travel Time | 14 minutes | 11 min avg | Increased by | 3 min | Speed | 22 MPH | Medium Congestion | 12 MPH slower than Local | Gateway traffic information courtesy of the
2026-05-02 18:01:31 UTC,Inbound,12 minutes,25,unknown,+2 MPH,Express Chi | Chicago Express Lane Status | Chicago Express Lane Status | Up to date information on the Chicago Kennedy Express lanes | Direction | Inbound | Travel Time | 12 minutes | 11 min avg | Increased by | 1 min | Speed | 25 MPH | Medium Congestion | 2 MPH faster than Local | Gateway traffic information courtesy of the 
2026-05-02 19:16:47 UTC,Outbound,Data unavailable,unavailable,Closed,unavailable,Express Chi | Chicago Express Lane Status | Chicago Express Lane Status | Up to date information on the Chicago Kennedy Express lanes | Direction | Outbound | Travel Time | Data unavailable | Speed | Data unavailable | Note: | Express lanes may be closed or data is temporarily unavailable. Please check back later. | Gate
2026-05-02 20:03:33 UTC,Outbound,5 minutes,55,Uncongested,unavailable,Express Chi | Chicago Express Lane Status | Chicago Express Lane Status | Up to date information on the Chicago Kennedy Express lanes | Direction | Outbound | Travel Time | 5 minutes | Data unavailable | Speed | 55 MPH | Uncongested | Same as Local | Gateway traffic information courtesy of the Illinois Department of Transp
2026-05-02 20:59:30 UTC,Outbound,5 minutes,55,Uncongested,unavailable,Express Chi | Chicago Express Lane Status | Chicago Express Lane Status | Up to date information on the Chicago Kennedy Express lanes | Direction | Outbound | Travel Time | 5 minutes | Data unavailable | Speed | 55 MPH | Uncongested | Same as Local | Gateway traffic information courtesy of the Illinois Department of Transp
2026-05-02 21:51:42 UTC,Outbound,6 minutes,52,Light,-3 MPH,Express Chi | Chicago Express Lane Status | Chicago Express Lane Status | Up to date information on the Chicago Kennedy Express lanes | Direction | Outbound | Travel Time | 6 minutes | Data unavailable | Speed | 52 MPH | Light Congestion | 3 MPH slower than Local | Gateway traffic information courtesy of the Illinois Depar
2026-05-02 22:36:01 UTC,unknown,unavailable,unavailable,Closed,unavailable,Express Chi | Chicago Express Lane Status | Chicago Express Lane Status | Up to date information on the Chicago Kennedy Express lanes | Status: | Closed | Gateway traffic information courtesy of the Illinois Department of Transportation | Made with ❤ by | Tësh
2026-05-02 23:26:33 UTC,Outbound,Data unavailable,unavailable,Closed,unavailable,Express Chi | Chicago Express Lane Status | Chicago Express Lane Status | Up to date information on the Chicago Kennedy Express lanes | Direction | Outbound | Travel Time | Data unavailable | Speed | Data unavailable | Note: | Express lanes may be closed or data is temporarily unavailable. Please check back later. | Gate
2026-05-03 00:07:03 UTC,Outbound,Data unavailable,unavailable,Closed,unavailable,Express Chi | Chicago Express Lane Status | Chicago Express Lane Status | Up to date information on the Chicago Kennedy Express lanes | Direction | Outbound | Travel Time | Data unavailable | Speed | Data unavailable | Note: | Express lanes may be closed or data is temporarily unavailable. Please check back later. | Gate
2026-05-03 04:10:03 UTC,Outbound,Data unavailable,unavailable,Closed,unavailable,Express Chi | Chicago Express Lane Status | Chicago Express Lane Status | Up to date information on the Chicago Kennedy Express lanes | Direction | Outbound | Travel Time | Data unavailable | Speed | Data unavailable | Note: | Express lanes may be closed or data is temporarily unavailable. Please check back later. | Gate
2026-05-03 06:39:26 UTC,unknown,unavailable,unavailable,Closed,unavailable,Express Chi | Chicago Express Lane Status | Chicago Express Lane Status | Up to date information on the Chicago Kennedy Express lanes | Status: | Closed | Gateway traffic information courtesy of the Illinois Department of Transportation | Made with ❤ by | Tësh
2026-05-03 08:24:46 UTC,Inbound,5 minutes,55,Uncongested,+1 MPH,Express Chi | Chicago Express Lane Status | Chicago Express Lane Status | Up to date information on the Chicago Kennedy Express lanes | Direction | Inbound | Travel Time | 5 minutes | 5 min avg | 0 min | Speed | 55 MPH | Uncongested | 1 MPH faster than Local | Gateway traffic information courtesy of the Illinois Department o
2026-05-03 09:45:44 UTC,Inbound,4 minutes,55,Uncongested,+1 MPH,Express Chi | Chicago Express Lane Status | Chicago Express Lane Status | Up to date information on the Chicago Kennedy Express lanes | Direction | Inbound | Travel Time | 4 minutes | 5 min avg | Decreased by | 1 min | Speed | 55 MPH | Uncongested | 1 MPH faster than Local | Gateway traffic information courtesy of the Illinois
2026-05-03 10:51:00 UTC,Inbound,4 minutes,55,Uncongested,+1 MPH,Express Chi | Chicago Express Lane Status | Chicago Express Lane Status | Up to date information on the Chicago Kennedy Express lanes | Direction | Inbound | Travel Time | 4 minutes | 5 min avg | Decreased by | 1 min | Speed | 55 MPH | Uncongested | 1 MPH faster than Local | Gateway traffic information courtesy of the Illinois
2026-05-03 11:38:27 UTC,Inbound,4 minutes,55,Uncongested,+1 MPH,Express Chi | Chicago Express Lane Status | Chicago Express Lane Status | Up to date information on the Chicago Kennedy Express lanes | Direction | Inbound | Travel Time | 4 minutes | 5 min avg | Decreased by | 1 min | Speed | 55 MPH | Uncongested | 1 MPH faster than Local | Gateway traffic information courtesy of the Illinois
2026-05-03 12:35:04 UTC,Inbound,4 minutes,55,Uncongested,+1 MPH,Express Chi | Chicago Express Lane Status | Chicago Express Lane Status | Up to date information on the Chicago Kennedy Express lanes | Direction | Inbound | Travel Time | 4 minutes | 5 min avg | Decreased by | 1 min | Speed | 55 MPH | Uncongested | 1 MPH faster than Local | Gateway traffic information courtesy of the Illinois
2026-05-03 13:59:24 UTC,Inbound,5 minutes,55,Uncongested,+1 MPH,Express Chi | Chicago Express Lane Status | Chicago Express Lane Status | Up to date information on the Chicago Kennedy Express lanes | Direction | Inbound | Travel Time | 5 minutes | 5 min avg | 0 min | Speed | 55 MPH | Uncongested | 1 MPH faster than Local | Gateway traffic information courtesy of the Illinois Department o
2026-05-03 14:55:55 UTC,Inbound,5 minutes,55,Uncongested,+1 MPH,Express Chi | Chicago Express Lane Status | Chicago Express Lane Status | Up to date information on the Chicago Kennedy Express lanes | Direction | Inbound | Travel Time | 5 minutes | 8 min avg | Decreased by | 3 min | Speed | 55 MPH | Uncongested | 1 MPH faster than Local | Gateway traffic information courtesy of the Illinois
2026-05-03 15:44:13 UTC,Inbound,5 minutes,55,Uncongested,+1 MPH,Express Chi | Chicago Express Lane Status | Chicago Express Lane Status | Up to date information on the Chicago Kennedy Express lanes | Direction | Inbound | Travel Time | 5 minutes | 9 min avg | Decreased by | 4 min | Speed | 55 MPH | Uncongested | 1 MPH faster than Local | Gateway traffic information courtesy of the Illinois
2026-05-03 16:31:13 UTC,Inbound,5 minutes,55,Uncongested,+7 MPH,Express Chi | Chicago Express Lane Status | Chicago Express Lane Status | Up to date information on the Chicago Kennedy Express lanes | Direction | Inbound | Travel Time | 5 minutes | 9 min avg | Decreased by | 4 min | Speed | 55 MPH | Uncongested | 7 MPH faster than Local | Gateway traffic information courtesy of the Illinois
2026-05-03 17:31:27 UTC,Inbound,5 minutes,55,Uncongested,+1 MPH,Express Chi | Chicago Express Lane Status | Chicago Express Lane Status | Up to date information on the Chicago Kennedy Express lanes | Direction | Inbound | Travel Time | 5 minutes | 10 min avg | Decreased by | 5 min | Speed | 55 MPH | Uncongested | 1 MPH faster than Local | Gateway traffic information courtesy of the Illinoi
2026-05-03 18:35:15 UTC,Inbound,5 minutes,55,Uncongested,+4 MPH,Express Chi | Chicago Express Lane Status | Chicago Express Lane Status | Up to date information on the Chicago Kennedy Express lanes | Direction | Inbound | Travel Time | 5 minutes | 9 min avg | Decreased by | 4 min | Speed | 55 MPH | Uncongested | 4 MPH faster than Local | Gateway traffic information courtesy of the Illinois
2026-05-03 19:40:35 UTC,Outbound,10 minutes,29,unknown,-16 MPH,Express Chi | Chicago Express Lane Status | Chicago Express Lane Status | Up to date information on the Chicago Kennedy Express lanes | Direction | Outbound | Travel Time | 10 minutes | Data unavailable | Speed | 29 MPH | Medium Congestion | 16 MPH slower than Local | Gateway traffic information courtesy of the Illinois De
2026-05-03 20:24:00 UTC,Outbound,5 minutes,55,Uncongested,unavailable,Express Chi | Chicago Express Lane Status | Chicago Express Lane Status | Up to date information on the Chicago Kennedy Express lanes | Direction | Outbound | Travel Time | 5 minutes | Data unavailable | Speed | 55 MPH | Uncongested | Same as Local | Gateway traffic information courtesy of the Illinois Department of Transp
2026-05-03 21:08:17 UTC,Outbound,5 minutes,55,Uncongested,unavailable,Express Chi | Chicago Express Lane Status | Chicago Express Lane Status | Up to date information on the Chicago Kennedy Express lanes | Direction | Outbound | Travel Time | 5 minutes | Data unavailable | Speed | 55 MPH | Uncongested | Same as Local | Gateway traffic information courtesy of the Illinois Department of Transp
2026-05-03 21:59:31 UTC,Outbound,5 minutes,55,Uncongested,unavailable,Express Chi | Chicago Express Lane Status | Chicago Express Lane Status | Up to date information on the Chicago Kennedy Express lanes | Direction | Outbound | Travel Time | 5 minutes | Data unavailable | Speed | 55 MPH | Uncongested | Same as Local | Gateway traffic information courtesy of the Illinois Department of Transp
2026-05-03 22:53:15 UTC,Outbound,5 minutes,55,Uncongested,unavailable,Express Chi | Chicago Express Lane Status | Chicago Express Lane Status | Up to date information on the Chicago Kennedy Express lanes | Direction | Outbound | Travel Time | 5 minutes | Data unavailable | Speed | 55 MPH | Uncongested | Same as Local | Gateway traffic information courtesy of the Illinois Department of Transp
2026-05-03 23:39:50 UTC,Outbound,4 minutes,55,Uncongested,unavailable,Express Chi | Chicago Express Lane Status | Chicago Express Lane Status | Up to date information on the Chicago Kennedy Express lanes | Direction | Outbound | Travel Time | 4 minutes | Data unavailable | Speed | 55 MPH | Uncongested | Same as Local | Gateway traffic information courtesy of the Illinois Department of Transp
2026-05-04 01:19:55 UTC,Outbound,5 minutes,55,Uncongested,unavailable,Express Chi | Chicago Express Lane Status | Chicago Express Lane Status | Up to date information on the Chicago Kennedy Express lanes | Direction | Outbound | Travel Time | 5 minutes | Data unavailable | Speed | 55 MPH | Uncongested | Same as Local | Gateway traffic information courtesy of the Illinois Department of Transp
2026-05-04 04:56:40 UTC,unknown,unavailable,unavailable,Closed,unavailable,Express Chi | Chicago Express Lane Status | Chicago Express Lane Status | Up to date information on the Chicago Kennedy Express lanes | Status: | Closed | Gateway traffic information courtesy of the Illinois Department of Transportation | Made with ❤ by | Tësh
2026-05-04 07:47:01 UTC,Inbound,5 minutes,55,Uncongested,+1 MPH,Express Chi | Chicago Express Lane Status | Chicago Express Lane Status | Up to date information on the Chicago Kennedy Express lanes | Direction | Inbound | Travel Time | 5 minutes | 5 min avg | 0 min | Speed | 55 MPH | Uncongested | 1 MPH faster than Local | Gateway traffic information courtesy of the Illinois Department o
2026-05-04 10:09:18 UTC,Inbound,4 minutes,55,Uncongested,+1 MPH,Express Chi | Chicago Express Lane Status | Chicago Express Lane Status | Up to date information on the Chicago Kennedy Express lanes | Direction | Inbound | Travel Time | 4 minutes | 4 min avg | 0 min | Speed | 55 MPH | Uncongested | 1 MPH faster than Local | Gateway traffic information courtesy of the Illinois Department o
2026-05-04 12:04:41 UTC,Inbound,9 minutes,32,unknown,-3 MPH,Express Chi | Chicago Express Lane Status | Chicago Express Lane Status | Up to date information on the Chicago Kennedy Express lanes | Direction | Inbound | Travel Time | 9 minutes | 10 min avg | Decreased by | 1 min | Speed | 32 MPH | Medium Congestion | 3 MPH slower than Local | Gateway traffic information courtesy of the I
2026-05-04 14:29:10 UTC,Inbound,15 minutes,20,unknown,-10 MPH,Express Chi | Chicago Express Lane Status | Chicago Express Lane Status | Up to date information on the Chicago Kennedy Express lanes | Direction | Inbound | Travel Time | 15 minutes | 12 min avg | Increased by | 3 min | Speed | 20 MPH | Medium Congestion | 10 MPH slower than Local | Gateway traffic information courtesy of the
2026-05-04 16:18:55 UTC,Inbound,7 minutes,45,Light,+7 MPH,Express Chi | Chicago Express Lane Status | Chicago Express Lane Status | Up to date information on the Chicago Kennedy Express lanes | Direction | Inbound | Travel Time | 7 minutes | 8 min avg | Decreased by | 1 min | Speed | 45 MPH | Light Congestion | 7 MPH faster than Local | Gateway traffic information courtesy of the Ill
2026-05-04 19:45:57 UTC,Outbound,11 minutes,27,unknown,+1 MPH,Express Chi | Chicago Express Lane Status | Chicago Express Lane Status | Up to date information on the Chicago Kennedy Express lanes | Direction | Outbound | Travel Time | 11 minutes | Data unavailable | Speed | 27 MPH | Medium Congestion | 1 MPH faster than Local | Gateway traffic information courtesy of the Illinois Dep
2026-05-04 21:04:05 UTC,Outbound,10 minutes,30,unknown,+6 MPH,Express Chi | Chicago Express Lane Status | Chicago Express Lane Status | Up to date information on the Chicago Kennedy Express lanes | Direction | Outbound | Travel Time | 10 minutes | Data unavailable | Speed | 30 MPH | Medium Congestion | 6 MPH faster than Local | Gateway traffic information courtesy of the Illinois Dep
2026-05-04 22:14:11 UTC,Outbound,7 minutes,39,Light,+8 MPH,Express Chi | Chicago Express Lane Status | Chicago Express Lane Status | Up to date information on the Chicago Kennedy Express lanes | Direction | Outbound | Travel Time | 7 minutes | Data unavailable | Speed | 39 MPH | Light Congestion | 8 MPH faster than Local | Gateway traffic information courtesy of the Illinois Depar
2026-05-04 23:11:20 UTC,Outbound,5 minutes,55,Uncongested,unavailable,Express Chi | Chicago Express Lane Status | Chicago Express Lane Status | Up to date information on the Chicago Kennedy Express lanes | Direction | Outbound | Travel Time | 5 minutes | Data unavailable | Speed | 55 MPH | Uncongested | Same as Local | Gateway traffic information courtesy of the Illinois Department of Transp
2026-05-05 00:07:39 UTC,Outbound,5 minutes,55,Uncongested,unavailable,Express Chi | Chicago Express Lane Status | Chicago Express Lane Status | Up to date information on the Chicago Kennedy Express lanes | Direction | Outbound | Travel Time | 5 minutes | Data unavailable | Speed | 55 MPH | Uncongested | Same as Local | Gateway traffic information courtesy of the Illinois Department of Transp
2026-05-05 03:49:06 UTC,Inbound,5 minutes,55,Uncongested,+1 MPH,Express Chi | Chicago Express Lane Status | Chicago Express Lane Status | Up to date information on the Chicago Kennedy Express lanes | Direction | Inbound | Travel Time | 5 minutes | 5 min avg | 0 min | Speed | 55 MPH | Uncongested | 1 MPH faster than Local | Gateway traffic information courtesy of the Illinois Department o
2026-05-05 06:12:06 UTC,Inbound,4 minutes,55,Uncongested,+1 MPH,Express Chi | Chicago Express Lane Status | Chicago Express Lane Status | Up to date information on the Chicago Kennedy Express lanes | Direction | Inbound | Travel Time | 4 minutes | 5 min avg | Decreased by | 1 min | Speed | 55 MPH | Uncongested | 1 MPH faster than Local | Gateway traffic information courtesy of the Illinois
2026-05-05 08:27:49 UTC,Inbound,5 minutes,55,Uncongested,+1 MPH,Express Chi | Chicago Express Lane Status | Chicago Express Lane Status | Up to date information on the Chicago Kennedy Express lanes | Direction | Inbound | Travel Time | 5 minutes | 5 min avg | 0 min | Speed | 55 MPH | Uncongested | 1 MPH faster than Local | Gateway traffic information courtesy of the Illinois Department o
2026-05-05 10:18:44 UTC,Inbound,4 minutes,55,Uncongested,+1 MPH,Express Chi | Chicago Express Lane Status | Chicago Express Lane Status | Up to date information on the Chicago Kennedy Express lanes | Direction | Inbound | Travel Time | 4 minutes | 5 min avg | Decreased by | 1 min | Speed | 55 MPH | Uncongested | 1 MPH faster than Local | Gateway traffic information courtesy of the Illinois
2026-05-05 11:46:25 UTC,Inbound,18 minutes,17,unknown,-7 MPH,Express Chi | Chicago Express Lane Status | Chicago Express Lane Status | Up to date information on the Chicago Kennedy Express lanes | Direction | Inbound | Travel Time | 18 minutes | 10 min avg | Increased by | 8 min | Speed | 17 MPH | Medium Congestion | 7 MPH slower than Local | Gateway traffic information courtesy of the 
2026-05-05 13:29:05 UTC,Inbound,37 minutes,8,Heavy,-2 MPH,Express Chi | Chicago Express Lane Status | Chicago Express Lane Status | Up to date information on the Chicago Kennedy Express lanes | Direction | Inbound | Travel Time | 37 minutes | 16 min avg | Increased by | 21 min | Speed | 8 MPH | Heavy Congestion | 2 MPH slower than Local | Gateway traffic information courtesy of the I
2026-05-05 17:02:31 UTC,Inbound,5 minutes,55,Uncongested,+4 MPH,Express Chi | Chicago Express Lane Status | Chicago Express Lane Status | Up to date information on the Chicago Kennedy Express lanes | Direction | Inbound | Travel Time | 5 minutes | 9 min avg | Decreased by | 4 min | Speed | 55 MPH | Uncongested | 4 MPH faster than Local | Gateway traffic information courtesy of the Illinois
2026-05-05 18:45:29 UTC,Inbound,Data unavailable,unavailable,Closed,unavailable,Express Chi | Chicago Express Lane Status | Chicago Express Lane Status | Up to date information on the Chicago Kennedy Express lanes | Direction | Inbound | Travel Time | Data unavailable | Speed | Data unavailable | Note: | Express lanes may be closed or data is temporarily unavailable. Please check back later. | Gatew
2026-05-05 20:04:01 UTC,Outbound,15 minutes,20,unknown,+4 MPH,Express Chi | Chicago Express Lane Status | Chicago Express Lane Status | Up to date information on the Chicago Kennedy Express lanes | Direction | Outbound | Travel Time | 15 minutes | Data unavailable | Speed | 20 MPH | Medium Congestion | 4 MPH faster than Local | Gateway traffic information courtesy of the Illinois Dep
2026-05-05 21:13:24 UTC,Outbound,16 minutes,19,unknown,unavailable,Express Chi | Chicago Express Lane Status | Chicago Express Lane Status | Up to date information on the Chicago Kennedy Express lanes | Direction | Outbound | Travel Time | 16 minutes | Data unavailable | Speed | 19 MPH | Medium Congestion | Same as Local | Gateway traffic information courtesy of the Illinois Department of
2026-05-05 22:12:47 UTC,Outbound,12 minutes,24,unknown,+4 MPH,Express Chi | Chicago Express Lane Status | Chicago Express Lane Status | Up to date information on the Chicago Kennedy Express lanes | Direction | Outbound | Travel Time | 12 minutes | Data unavailable | Speed | 24 MPH | Medium Congestion | 4 MPH faster than Local | Gateway traffic information courtesy of the Illinois Dep
2026-05-05 23:11:37 UTC,Outbound,5 minutes,55,Uncongested,unavailable,Express Chi | Chicago Express Lane Status | Chicago Express Lane Status | Up to date information on the Chicago Kennedy Express lanes | Direction | Outbound | Travel Time | 5 minutes | Data unavailable | Speed | 55 MPH | Uncongested | Same as Local | Gateway traffic information courtesy of the Illinois Department of Transp
2026-05-06 00:03:17 UTC,Outbound,5 minutes,55,Uncongested,unavailable,Express Chi | Chicago Express Lane Status | Chicago Express Lane Status | Up to date information on the Chicago Kennedy Express lanes | Direction | Outbound | Travel Time | 5 minutes | Data unavailable | Speed | 55 MPH | Uncongested | Same as Local | Gateway traffic information courtesy of the Illinois Department of Transp
2026-05-06 04:03:27 UTC,unknown,unavailable,unavailable,Closed,unavailable,Express Chi | Chicago Express Lane Status | Chicago Express Lane Status | Up to date information on the Chicago Kennedy Express lanes | Status: | Closed | Gateway traffic information courtesy of the Illinois Department of Transportation | Made with ❤ by | Tësh
2026-05-06 06:44:06 UTC,Inbound,5 minutes,55,Uncongested,+1 MPH,Express Chi | Chicago Express Lane Status | Chicago Express Lane Status | Up to date information on the Chicago Kennedy Express lanes | Direction | Inbound | Travel Time | 5 minutes | 5 min avg | 0 min | Speed | 55 MPH | Uncongested | 1 MPH faster than Local | Gateway traffic information courtesy of the Illinois Department o
2026-05-06 09:10:28 UTC,Inbound,5 minutes,55,Uncongested,+1 MPH,Express Chi | Chicago Express Lane Status | Chicago Express Lane Status | Up to date information on the Chicago Kennedy Express lanes | Direction | Inbound | Travel Time | 5 minutes | 4 min avg | Increased by | 1 min | Speed | 55 MPH | Uncongested | 1 MPH faster than Local | Gateway traffic information courtesy of the Illinois
2026-05-06 11:19:28 UTC,Inbound,5 minutes,55,Uncongested,+1 MPH,Express Chi | Chicago Express Lane Status | Chicago Express Lane Status | Up to date information on the Chicago Kennedy Express lanes | Direction | Inbound | Travel Time | 5 minutes | 8 min avg | Decreased by | 3 min | Speed | 55 MPH | Uncongested | 1 MPH faster than Local | Gateway traffic information courtesy of the Illinois
2026-05-06 13:10:58 UTC,Inbound,24 minutes,12,Heavy,-2 MPH,Express Chi | Chicago Express Lane Status | Chicago Express Lane Status | Up to date information on the Chicago Kennedy Express lanes | Direction | Inbound | Travel Time | 24 minutes | 15 min avg | Increased by | 9 min | Speed | 12 MPH | Heavy Congestion | 2 MPH slower than Local | Gateway traffic information courtesy of the I
2026-05-06 15:33:48 UTC,Inbound,16 minutes,19,unknown,+5 MPH,Express Chi | Chicago Express Lane Status | Chicago Express Lane Status | Up to date information on the Chicago Kennedy Express lanes | Direction | Inbound | Travel Time | 16 minutes | 10 min avg | Increased by | 6 min | Speed | 19 MPH | Medium Congestion | 5 MPH faster than Local | Gateway traffic information courtesy of the 
2026-05-06 17:12:55 UTC,Inbound,6 minutes,47,Light,+8 MPH,Express Chi | Chicago Express Lane Status | Chicago Express Lane Status | Up to date information on the Chicago Kennedy Express lanes | Direction | Inbound | Travel Time | 6 minutes | 9 min avg | Decreased by | 3 min | Speed | 47 MPH | Light Congestion | 8 MPH faster than Local | Gateway traffic information courtesy of the Ill
2026-05-06 18:59:44 UTC,Outbound,6 minutes,53,Light,+20 MPH,Express Chi | Chicago Express Lane Status | Chicago Express Lane Status | Up to date information on the Chicago Kennedy Express lanes | Direction | Outbound | Travel Time | 6 minutes | Data unavailable | Speed | 53 MPH | Light Congestion | 20 MPH faster than Local | Gateway traffic information courtesy of the Illinois Depa
2026-05-06 20:40:49 UTC,Outbound,14 minutes,20,unknown,unavailable,Express Chi | Chicago Express Lane Status | Chicago Express Lane Status | Up to date information on the Chicago Kennedy Express lanes | Direction | Outbound | Travel Time | 14 minutes | Data unavailable | Speed | 20 MPH | Medium Congestion | Same as Local | Gateway traffic information courtesy of the Illinois Department of
2026-05-06 21:44:12 UTC,Outbound,17 minutes,18,unknown,-3 MPH,Express Chi | Chicago Express Lane Status | Chicago Express Lane Status | Up to date information on the Chicago Kennedy Express lanes | Direction | Outbound | Travel Time | 17 minutes | Data unavailable | Speed | 18 MPH | Medium Congestion | 3 MPH slower than Local | Gateway traffic information courtesy of the Illinois Dep
2026-05-06 22:32:58 UTC,unknown,unavailable,unavailable,Closed,unavailable,Express Chi | Chicago Express Lane Status | Chicago Express Lane Status | Up to date information on the Chicago Kennedy Express lanes | Status: | Closed | Gateway traffic information courtesy of the Illinois Department of Transportation | Made with ❤ by | Tësh
2026-05-06 23:34:27 UTC,unknown,unavailable,unavailable,Closed,unavailable,Express Chi | Chicago Express Lane Status | Chicago Express Lane Status | Up to date information on the Chicago Kennedy Express lanes | Status: | Closed | Gateway traffic information courtesy of the Illinois Department of Transportation | Made with ❤ by | Tësh
2026-05-07 01:23:13 UTC,Outbound,5 minutes,55,Uncongested,unavailable,Express Chi | Chicago Express Lane Status | Chicago Express Lane Status | Up to date information on the Chicago Kennedy Express lanes | Direction | Outbound | Travel Time | 5 minutes | Data unavailable | Speed | 55 MPH | Uncongested | Same as Local | Gateway traffic information courtesy of the Illinois Department of Transp
2026-05-07 04:52:52 UTC,unknown,unavailable,unavailable,Closed,unavailable,Express Chi | Chicago Express Lane Status | Chicago Express Lane Status | Up to date information on the Chicago Kennedy Express lanes | Status: | Closed | Gateway traffic information courtesy of the Illinois Department of Transportation | Made with ❤ by | Tësh
2026-05-07 07:39:54 UTC,unknown,unavailable,unavailable,Closed,unavailable,Express Chi | Chicago Express Lane Status | Chicago Express Lane Status | Up to date information on the Chicago Kennedy Express lanes | Status: | Closed | Gateway traffic information courtesy of the Illinois Department of Transportation | Made with ❤ by | Tësh
2026-05-07 10:07:44 UTC,Inbound,5 minutes,55,Uncongested,+1 MPH,Express Chi | Chicago Express Lane Status | Chicago Express Lane Status | Up to date information on the Chicago Kennedy Express lanes | Direction | Inbound | Travel Time | 5 minutes | 5 min avg | 0 min | Speed | 55 MPH | Uncongested | 1 MPH faster than Local | Gateway traffic information courtesy of the Illinois Department o
2026-05-07 12:04:51 UTC,Inbound,13 minutes,24,unknown,-3 MPH,Express Chi | Chicago Express Lane Status | Chicago Express Lane Status | Up to date information on the Chicago Kennedy Express lanes | Direction | Inbound | Travel Time | 13 minutes | 12 min avg | Increased by | 1 min | Speed | 24 MPH | Medium Congestion | 3 MPH slower than Local | Gateway traffic information courtesy of the 
2026-05-07 14:48:42 UTC,Inbound,18 minutes,16,unknown,-4 MPH,Express Chi | Chicago Express Lane Status | Chicago Express Lane Status | Up to date information on the Chicago Kennedy Express lanes | Direction | Inbound | Travel Time | 18 minutes | 15 min avg | Increased by | 3 min | Speed | 16 MPH | Medium Congestion | 4 MPH slower than Local | Gateway traffic information courtesy of the 
2026-05-07 16:45:27 UTC,Inbound,10 minutes,29,unknown,-13 MPH,Express Chi | Chicago Express Lane Status | Chicago Express Lane Status | Up to date information on the Chicago Kennedy Express lanes | Direction | Inbound | Travel Time | 10 minutes | 9 min avg | Increased by | 1 min | Speed | 29 MPH | Medium Congestion | 13 MPH slower than Local | Gateway traffic information courtesy of the 
2026-05-07 18:20:34 UTC,Inbound,Data unavailable,unavailable,Closed,unavailable,Express Chi | Chicago Express Lane Status | Chicago Express Lane Status | Up to date information on the Chicago Kennedy Express lanes | Direction | Inbound | Travel Time | Data unavailable | Speed | Data unavailable | Note: | Express lanes may be closed or data is temporarily unavailable. Please check back later. | Gatew
2026-05-07 19:58:10 UTC,Outbound,19 minutes,16,unknown,+2 MPH,Express Chi | Chicago Express Lane Status | Chicago Express Lane Status | Up to date information on the Chicago Kennedy Express lanes | Direction | Outbound | Travel Time | 19 minutes | Data unavailable | Speed | 16 MPH | Medium Congestion | 2 MPH faster than Local | Gateway traffic information courtesy of the Illinois Dep
2026-05-07 21:07:10 UTC,Outbound,20 minutes,15,Heavy,+1 MPH,Express Chi | Chicago Express Lane Status | Chicago Express Lane Status | Up to date information on the Chicago Kennedy Express lanes | Direction | Outbound | Travel Time | 20 minutes | Data unavailable | Speed | 15 MPH | Heavy Congestion | 1 MPH faster than Local | Gateway traffic information courtesy of the Illinois Depa
2026-05-07 22:15:01 UTC,Outbound,15 minutes,19,unknown,+7 MPH,Express Chi | Chicago Express Lane Status | Chicago Express Lane Status | Up to date information on the Chicago Kennedy Express lanes | Direction | Outbound | Travel Time | 15 minutes | Data unavailable | Speed | 19 MPH | Medium Congestion | 7 MPH faster than Local | Gateway traffic information courtesy of the Illinois Dep
2026-05-07 23:12:44 UTC,Outbound,16 minutes,19,unknown,unavailable,Express Chi | Chicago Express Lane Status | Chicago Express Lane Status | Up to date information on the Chicago Kennedy Express lanes | Direction | Outbound | Travel Time | 16 minutes | Data unavailable | Speed | 19 MPH | Medium Congestion | Same as Local | Gateway traffic information courtesy of the Illinois Department of
2026-05-08 00:06:59 UTC,Outbound,6 minutes,45,Light,+13 MPH,Express Chi | Chicago Express Lane Status | Chicago Express Lane Status | Up to date information on the Chicago Kennedy Express lanes | Direction | Outbound | Travel Time | 6 minutes | Data unavailable | Speed | 45 MPH | Light Congestion | 13 MPH faster than Local | Gateway traffic information courtesy of the Illinois Depa
2026-05-08 03:52:13 UTC,Outbound,Data unavailable,unavailable,Closed,unavailable,Express Chi | Chicago Express Lane Status | Chicago Express Lane Status | Up to date information on the Chicago Kennedy Express lanes | Direction | Outbound | Travel Time | Data unavailable | Speed | Data unavailable | Note: | Express lanes may be closed or data is temporarily unavailable. Please check back later. | Gate
2026-05-08 05:53:31 UTC,unknown,unavailable,unavailable,Closed,unavailable,Express Chi | Chicago Express Lane Status | Chicago Express Lane Status | Up to date information on the Chicago Kennedy Express lanes | Status: | Closed | Gateway traffic information courtesy of the Illinois Department of Transportation | Made with ❤ by | Tësh
2026-05-08 07:23:43 UTC,Inbound,5 minutes,55,Uncongested,+1 MPH,Express Chi | Chicago Express Lane Status | Chicago Express Lane Status | Up to date information on the Chicago Kennedy Express lanes | Direction | Inbound | Travel Time | 5 minutes | 5 min avg | 0 min | Speed | 55 MPH | Uncongested | 1 MPH faster than Local | Gateway traffic information courtesy of the Illinois Department o
2026-05-08 08:54:15 UTC,Inbound,5 minutes,55,Uncongested,+1 MPH,Express Chi | Chicago Express Lane Status | Chicago Express Lane Status | Up to date information on the Chicago Kennedy Express lanes | Direction | Inbound | Travel Time | 5 minutes | 5 min avg | 0 min | Speed | 55 MPH | Uncongested | 1 MPH faster than Local | Gateway traffic information courtesy of the Illinois Department o
2026-05-08 10:21:33 UTC,Inbound,4 minutes,55,Uncongested,+1 MPH,Express Chi | Chicago Express Lane Status | Chicago Express Lane Status | Up to date information on the Chicago Kennedy Express lanes | Direction | Inbound | Travel Time | 4 minutes | 5 min avg | Decreased by | 1 min | Speed | 55 MPH | Uncongested | 1 MPH faster than Local | Gateway traffic information courtesy of the Illinois
2026-05-08 11:51:19 UTC,Inbound,9 minutes,33,unknown,+5 MPH,Express Chi | Chicago Express Lane Status | Chicago Express Lane Status | Up to date information on the Chicago Kennedy Express lanes | Direction | Inbound | Travel Time | 9 minutes | 10 min avg | Decreased by | 1 min | Speed | 33 MPH | Medium Congestion | 5 MPH faster than Local | Gateway traffic information courtesy of the I
2026-05-08 13:22:59 UTC,Inbound,19 minutes,16,unknown,+1 MPH,Express Chi | Chicago Express Lane Status | Chicago Express Lane Status | Up to date information on the Chicago Kennedy Express lanes | Direction | Inbound | Travel Time | 19 minutes | 13 min avg | Increased by | 6 min | Speed | 16 MPH | Medium Congestion | 1 MPH faster than Local | Gateway traffic information courtesy of the 
2026-05-08 15:06:47 UTC,Inbound,15 minutes,20,unknown,-6 MPH,Express Chi | Chicago Express Lane Status | Chicago Express Lane Status | Up to date information on the Chicago Kennedy Express lanes | Direction | Inbound | Travel Time | 15 minutes | 9 min avg | Increased by | 6 min | Speed | 20 MPH | Medium Congestion | 6 MPH slower than Local | Gateway traffic information courtesy of the I
2026-05-08 16:44:23 UTC,Inbound,7 minutes,46,Light,+5 MPH,Express Chi | Chicago Express Lane Status | Chicago Express Lane Status | Up to date information on the Chicago Kennedy Express lanes | Direction | Inbound | Travel Time | 7 minutes | 10 min avg | Decreased by | 3 min | Speed | 46 MPH | Light Congestion | 5 MPH faster than Local | Gateway traffic information courtesy of the Il
2026-05-08 17:59:05 UTC,Inbound,5 minutes,55,Uncongested,+1 MPH,Express Chi | Chicago Express Lane Status | Chicago Express Lane Status | Up to date information on the Chicago Kennedy Express lanes | Direction | Inbound | Travel Time | 5 minutes | 11 min avg | Decreased by | 6 min | Speed | 55 MPH | Uncongested | 1 MPH faster than Local | Gateway traffic information courtesy of the Illinoi
2026-05-08 19:27:09 UTC,Inbound,Data unavailable,unavailable,Closed,unavailable,Express Chi | Chicago Express Lane Status | Chicago Express Lane Status | Up to date information on the Chicago Kennedy Express lanes | Direction | Inbound | Travel Time | Data unavailable | Speed | Data unavailable | Note: | Express lanes may be closed or data is temporarily unavailable. Please check back later. | Gatew
2026-05-08 20:33:28 UTC,Outbound,22 minutes,13,Heavy,-3 MPH,Express Chi | Chicago Express Lane Status | Chicago Express Lane Status | Up to date information on the Chicago Kennedy Express lanes | Direction | Outbound | Travel Time | 22 minutes | Data unavailable | Speed | 13 MPH | Heavy Congestion | 3 MPH slower than Local | Gateway traffic information courtesy of the Illinois Depa
2026-05-08 21:39:40 UTC,Outbound,23 minutes,13,Heavy,-2 MPH,Express Chi | Chicago Express Lane Status | Chicago Express Lane Status | Up to date information on the Chicago Kennedy Express lanes | Direction | Outbound | Travel Time | 23 minutes | Data unavailable | Speed | 13 MPH | Heavy Congestion | 2 MPH slower than Local | Gateway traffic information courtesy of the Illinois Depa
2026-05-08 22:36:58 UTC,Outbound,15 minutes,20,unknown,+7 MPH,Express Chi | Chicago Express Lane Status | Chicago Express Lane Status | Up to date information on the Chicago Kennedy Express lanes | Direction | Outbound | Travel Time | 15 minutes | Data unavailable | Speed | 20 MPH | Medium Congestion | 7 MPH faster than Local | Gateway traffic information courtesy of the Illinois Dep
2026-05-08 23:37:34 UTC,Inbound,Data unavailable,unavailable,Closed,unavailable,Express Chi | Chicago Express Lane Status | Chicago Express Lane Status | Up to date information on the Chicago Kennedy Express lanes | Direction | Inbound | Travel Time | Data unavailable | Speed | Data unavailable | Note: | Express lanes may be closed or data is temporarily unavailable. Please check back later. | Gatew
2026-05-09 01:21:46 UTC,Inbound,Data unavailable,unavailable,Closed,unavailable,Express Chi | Chicago Express Lane Status | Chicago Express Lane Status | Up to date information on the Chicago Kennedy Express lanes | Direction | Inbound | Travel Time | Data unavailable | Speed | Data unavailable | Note: | Express lanes may be closed or data is temporarily unavailable. Please check back later. | Gatew
2026-05-09 04:44:15 UTC,Outbound,Data unavailable,unavailable,Closed,unavailable,Express Chi | Chicago Express Lane Status | Chicago Express Lane Status | Up to date information on the Chicago Kennedy Express lanes | Direction | Outbound | Travel Time | Data unavailable | Speed | Data unavailable | Note: | Express lanes may be closed or data is temporarily unavailable. Please check back later. | Gate
2026-05-09 06:57:56 UTC,unknown,unavailable,unavailable,Closed,unavailable,Express Chi | Chicago Express Lane Status | Chicago Express Lane Status | Up to date information on the Chicago Kennedy Express lanes | Status: | Closed | Gateway traffic information courtesy of the Illinois Department of Transportation | Made with ❤ by | Tësh
2026-05-09 08:42:48 UTC,Inbound,4 minutes,55,Uncongested,+1 MPH,Express Chi | Chicago Express Lane Status | Chicago Express Lane Status | Up to date information on the Chicago Kennedy Express lanes | Direction | Inbound | Travel Time | 4 minutes | 5 min avg | Decreased by | 1 min | Speed | 55 MPH | Uncongested | 1 MPH faster than Local | Gateway traffic information courtesy of the Illinois
2026-05-09 09:56:27 UTC,Inbound,4 minutes,55,Uncongested,+1 MPH,Express Chi | Chicago Express Lane Status | Chicago Express Lane Status | Up to date information on the Chicago Kennedy Express lanes | Direction | Inbound | Travel Time | 4 minutes | 5 min avg | Decreased by | 1 min | Speed | 55 MPH | Uncongested | 1 MPH faster than Local | Gateway traffic information courtesy of the Illinois
2026-05-09 10:56:32 UTC,Inbound,4 minutes,55,Uncongested,+1 MPH,Express Chi | Chicago Express Lane Status | Chicago Express Lane Status | Up to date information on the Chicago Kennedy Express lanes | Direction | Inbound | Travel Time | 4 minutes | 5 min avg | Decreased by | 1 min | Speed | 55 MPH | Uncongested | 1 MPH faster than Local | Gateway traffic information courtesy of the Illinois
2026-05-09 11:50:41 UTC,Inbound,4 minutes,55,Uncongested,+1 MPH,Express Chi | Chicago Express Lane Status | Chicago Express Lane Status | Up to date information on the Chicago Kennedy Express lanes | Direction | Inbound | Travel Time | 4 minutes | 6 min avg | Decreased by | 2 min | Speed | 55 MPH | Uncongested | 1 MPH faster than Local | Gateway traffic information courtesy of the Illinois
2026-05-09 13:06:44 UTC,Inbound,5 minutes,55,Uncongested,+1 MPH,Express Chi | Chicago Express Lane Status | Chicago Express Lane Status | Up to date information on the Chicago Kennedy Express lanes | Direction | Inbound | Travel Time | 5 minutes | 6 min avg | Decreased by | 1 min | Speed | 55 MPH | Uncongested | 1 MPH faster than Local | Gateway traffic information courtesy of the Illinois
2026-05-09 14:20:01 UTC,Inbound,5 minutes,55,Uncongested,+1 MPH,Express Chi | Chicago Express Lane Status | Chicago Express Lane Status | Up to date information on the Chicago Kennedy Express lanes | Direction | Inbound | Travel Time | 5 minutes | 8 min avg | Decreased by | 3 min | Speed | 55 MPH | Uncongested | 1 MPH faster than Local | Gateway traffic information courtesy of the Illinois
2026-05-09 15:28:49 UTC,Inbound,5 minutes,55,Uncongested,+10 MPH,Express Chi | Chicago Express Lane Status | Chicago Express Lane Status | Up to date information on the Chicago Kennedy Express lanes | Direction | Inbound | Travel Time | 5 minutes | 10 min avg | Decreased by | 5 min | Speed | 55 MPH | Uncongested | 10 MPH faster than Local | Gateway traffic information courtesy of the Illino
2026-05-09 16:28:35 UTC,Inbound,8 minutes,39,Light,+7 MPH,Express Chi | Chicago Express Lane Status | Chicago Express Lane Status | Up to date information on the Chicago Kennedy Express lanes | Direction | Inbound | Travel Time | 8 minutes | 10 min avg | Decreased by | 2 min | Speed | 39 MPH | Light Congestion | 7 MPH faster than Local | Gateway traffic information courtesy of the Il
2026-05-09 17:29:19 UTC,Inbound,12 minutes,25,unknown,-3 MPH,Express Chi | Chicago Express Lane Status | Chicago Express Lane Status | Up to date information on the Chicago Kennedy Express lanes | Direction | Inbound | Travel Time | 12 minutes | 11 min avg | Increased by | 1 min | Speed | 25 MPH | Medium Congestion | 3 MPH slower than Local | Gateway traffic information courtesy of the 
2026-05-09 18:32:04 UTC,Inbound,13 minutes,23,unknown,-1 MPH,Express Chi | Chicago Express Lane Status | Chicago Express Lane Status | Up to date information on the Chicago Kennedy Express lanes | Direction | Inbound | Travel Time | 13 minutes | 12 min avg | Increased by | 1 min | Speed | 23 MPH | Medium Congestion | 1 MPH slower than Local | Gateway traffic information courtesy of the 
2026-05-09 19:44:16 UTC,Inbound,Data unavailable,unavailable,Closed,unavailable,Express Chi | Chicago Express Lane Status | Chicago Express Lane Status | Up to date information on the Chicago Kennedy Express lanes | Direction | Inbound | Travel Time | Data unavailable | Speed | Data unavailable | Note: | Express lanes may be closed or data is temporarily unavailable. Please check back later. | Gatew
2026-05-09 20:27:49 UTC,Inbound,Data unavailable,unavailable,Closed,unavailable,Express Chi | Chicago Express Lane Status | Chicago Express Lane Status | Up to date information on the Chicago Kennedy Express lanes | Direction | Inbound | Travel Time | Data unavailable | Speed | Data unavailable | Note: | Express lanes may be closed or data is temporarily unavailable. Please check back later. | Gatew
2026-05-09 21:10:41 UTC,Inbound,Data unavailable,unavailable,Closed,unavailable,Express Chi | Chicago Express Lane Status | Chicago Express Lane Status | Up to date information on the Chicago Kennedy Express lanes | Direction | Inbound | Travel Time | Data unavailable | Speed | Data unavailable | Note: | Express lanes may be closed or data is temporarily unavailable. Please check back later. | Gatew
2026-05-09 22:00:52 UTC,Inbound,Data unavailable,unavailable,Closed,unavailable,Express Chi | Chicago Express Lane Status | Chicago Express Lane Status | Up to date information on the Chicago Kennedy Express lanes | Direction | Inbound | Travel Time | Data unavailable | Speed | Data unavailable | Note: | Express lanes may be closed or data is temporarily unavailable. Please check back later. | Gatew
2026-05-09 23:03:26 UTC,Outbound,Data unavailable,unavailable,Closed,unavailable,Express Chi | Chicago Express Lane Status | Chicago Express Lane Status | Up to date information on the Chicago Kennedy Express lanes | Direction | Outbound | Travel Time | Data unavailable | Speed | Data unavailable | Note: | Express lanes may be closed or data is temporarily unavailable. Please check back later. | Gate
2026-05-10 00:02:40 UTC,Outbound,Data unavailable,unavailable,Closed,unavailable,Express Chi | Chicago Express Lane Status | Chicago Express Lane Status | Up to date information on the Chicago Kennedy Express lanes | Direction | Outbound | Travel Time | Data unavailable | Speed | Data unavailable | Note: | Express lanes may be closed or data is temporarily unavailable. Please check back later. | Gate
2026-05-10 04:13:20 UTC,Outbound,Data unavailable,unavailable,Closed,unavailable,Express Chi | Chicago Express Lane Status | Chicago Express Lane Status | Up to date information on the Chicago Kennedy Express lanes | Direction | Outbound | Travel Time | Data unavailable | Speed | Data unavailable | Note: | Express lanes may be closed or data is temporarily unavailable. Please check back later. | Gate
2026-05-10 06:44:33 UTC,unknown,unavailable,unavailable,Closed,unavailable,Express Chi | Chicago Express Lane Status | Chicago Express Lane Status | Up to date information on the Chicago Kennedy Express lanes | Status: | Closed | Gateway traffic information courtesy of the Illinois Department of Transportation | Made with ❤ by | Tësh
2026-05-10 08:30:56 UTC,Inbound,5 minutes,55,Uncongested,+1 MPH,Express Chi | Chicago Express Lane Status | Chicago Express Lane Status | Up to date information on the Chicago Kennedy Express lanes | Direction | Inbound | Travel Time | 5 minutes | 5 min avg | 0 min | Speed | 55 MPH | Uncongested | 1 MPH faster than Local | Gateway traffic information courtesy of the Illinois Department o
2026-05-10 10:02:03 UTC,Inbound,4 minutes,55,Uncongested,+1 MPH,Express Chi | Chicago Express Lane Status | Chicago Express Lane Status | Up to date information on the Chicago Kennedy Express lanes | Direction | Inbound | Travel Time | 4 minutes | 5 min avg | Decreased by | 1 min | Speed | 55 MPH | Uncongested | 1 MPH faster than Local | Gateway traffic information courtesy of the Illinois
2026-05-10 11:13:27 UTC,Inbound,4 minutes,55,Uncongested,+1 MPH,Express Chi | Chicago Express Lane Status | Chicago Express Lane Status | Up to date information on the Chicago Kennedy Express lanes | Direction | Inbound | Travel Time | 4 minutes | 5 min avg | Decreased by | 1 min | Speed | 55 MPH | Uncongested | 1 MPH faster than Local | Gateway traffic information courtesy of the Illinois
2026-05-10 12:04:20 UTC,Inbound,4 minutes,55,Uncongested,+1 MPH,Express Chi | Chicago Express Lane Status | Chicago Express Lane Status | Up to date information on the Chicago Kennedy Express lanes | Direction | Inbound | Travel Time | 4 minutes | 5 min avg | Decreased by | 1 min | Speed | 55 MPH | Uncongested | 1 MPH faster than Local | Gateway traffic information courtesy of the Illinois
2026-05-10 13:54:42 UTC,Inbound,5 minutes,55,Uncongested,+1 MPH,Express Chi | Chicago Express Lane Status | Chicago Express Lane Status | Up to date information on the Chicago Kennedy Express lanes | Direction | Inbound | Travel Time | 5 minutes | 5 min avg | 0 min | Speed | 55 MPH | Uncongested | 1 MPH faster than Local | Gateway traffic information courtesy of the Illinois Department o
2026-05-10 14:48:17 UTC,Inbound,5 minutes,55,Uncongested,+1 MPH,Express Chi | Chicago Express Lane Status | Chicago Express Lane Status | Up to date information on the Chicago Kennedy Express lanes | Direction | Inbound | Travel Time | 5 minutes | 7 min avg | Decreased by | 2 min | Speed | 55 MPH | Uncongested | 1 MPH faster than Local | Gateway traffic information courtesy of the Illinois
2026-05-10 15:48:09 UTC,Inbound,6 minutes,48,Light,+8 MPH,Express Chi | Chicago Express Lane Status | Chicago Express Lane Status | Up to date information on the Chicago Kennedy Express lanes | Direction | Inbound | Travel Time | 6 minutes | 9 min avg | Decreased by | 3 min | Speed | 48 MPH | Light Congestion | 8 MPH faster than Local | Gateway traffic information courtesy of the Ill
2026-05-10 16:50:16 UTC,Inbound,6 minutes,54,Light,+6 MPH,Express Chi | Chicago Express Lane Status | Chicago Express Lane Status | Up to date information on the Chicago Kennedy Express lanes | Direction | Inbound | Travel Time | 6 minutes | 10 min avg | Decreased by | 4 min | Speed | 54 MPH | Light Congestion | 6 MPH faster than Local | Gateway traffic information courtesy of the Il
2026-05-10 17:47:05 UTC,Inbound,6 minutes,52,Light,+15 MPH,Express Chi | Chicago Express Lane Status | Chicago Express Lane Status | Up to date information on the Chicago Kennedy Express lanes | Direction | Inbound | Travel Time | 6 minutes | 10 min avg | Decreased by | 4 min | Speed | 52 MPH | Light Congestion | 15 MPH faster than Local | Gateway traffic information courtesy of the I
2026-05-10 18:55:56 UTC,Inbound,7 minutes,43,Light,-3 MPH,Express Chi | Chicago Express Lane Status | Chicago Express Lane Status | Up to date information on the Chicago Kennedy Express lanes | Direction | Inbound | Travel Time | 7 minutes | 10 min avg | Decreased by | 3 min | Speed | 43 MPH | Light Congestion | 3 MPH slower than Local | Gateway traffic information courtesy of the Il
2026-05-10 19:57:29 UTC,Outbound,24 minutes,12,Heavy,-1 MPH,Express Chi | Chicago Express Lane Status | Chicago Express Lane Status | Up to date information on the Chicago Kennedy Express lanes | Direction | Outbound | Travel Time | 24 minutes | Data unavailable | Speed | 12 MPH | Heavy Congestion | 1 MPH slower than Local | Gateway traffic information courtesy of the Illinois Depa
2026-05-10 20:51:15 UTC,Outbound,26 minutes,11,Heavy,-3 MPH,Express Chi | Chicago Express Lane Status | Chicago Express Lane Status | Up to date information on the Chicago Kennedy Express lanes | Direction | Outbound | Travel Time | 26 minutes | Data unavailable | Speed | 11 MPH | Heavy Congestion | 3 MPH slower than Local | Gateway traffic information courtesy of the Illinois Depa
2026-05-10 21:42:44 UTC,Outbound,20 minutes,15,Heavy,-4 MPH,Express Chi | Chicago Express Lane Status | Chicago Express Lane Status | Up to date information on the Chicago Kennedy Express lanes | Direction | Outbound | Travel Time | 20 minutes | Data unavailable | Speed | 15 MPH | Heavy Congestion | 4 MPH slower than Local | Gateway traffic information courtesy of the Illinois Depa
2026-05-10 22:29:14 UTC,Outbound,8 minutes,36,Light,+4 MPH,Express Chi | Chicago Express Lane Status | Chicago Express Lane Status | Up to date information on the Chicago Kennedy Express lanes | Direction | Outbound | Travel Time | 8 minutes | Data unavailable | Speed | 36 MPH | Light Congestion | 4 MPH faster than Local | Gateway traffic information courtesy of the Illinois Depar
2026-05-10 23:28:41 UTC,Outbound,4 minutes,55,Uncongested,unavailable,Express Chi | Chicago Express Lane Status | Chicago Express Lane Status | Up to date information on the Chicago Kennedy Express lanes | Direction | Outbound | Travel Time | 4 minutes | Data unavailable | Speed | 55 MPH | Uncongested | Same as Local | Gateway traffic information courtesy of the Illinois Department of Transp
2026-05-11 01:23:36 UTC,Outbound,5 minutes,55,Uncongested,unavailable,Express Chi | Chicago Express Lane Status | Chicago Express Lane Status | Up to date information on the Chicago Kennedy Express lanes | Direction | Outbound | Travel Time | 5 minutes | Data unavailable | Speed | 55 MPH | Uncongested | Same as Local | Gateway traffic information courtesy of the Illinois Department of Transp
2026-05-11 05:13:17 UTC,Outbound,Data unavailable,unavailable,Closed,unavailable,Express Chi | Chicago Express Lane Status | Chicago Express Lane Status | Up to date information on the Chicago Kennedy Express lanes | Direction | Outbound | Travel Time | Data unavailable | Speed | Data unavailable | Note: | Express lanes may be closed or data is temporarily unavailable. Please check back later. | Gate
2026-05-11 08:37:07 UTC,Inbound,5 minutes,55,Uncongested,+1 MPH,Express Chi | Chicago Express Lane Status | Chicago Express Lane Status | Up to date information on the Chicago Kennedy Express lanes | Direction | Inbound | Travel Time | 5 minutes | 5 min avg | 0 min | Speed | 55 MPH | Uncongested | 1 MPH faster than Local | Gateway traffic information courtesy of the Illinois Department o
2026-05-11 11:46:29 UTC,Inbound,6 minutes,49,Light,+13 MPH,Express Chi | Chicago Express Lane Status | Chicago Express Lane Status | Up to date information on the Chicago Kennedy Express lanes | Direction | Inbound | Travel Time | 6 minutes | 10 min avg | Decreased by | 4 min | Speed | 49 MPH | Light Congestion | 13 MPH faster than Local | Gateway traffic information courtesy of the I
2026-05-11 14:40:18 UTC,Inbound,16 minutes,19,unknown,-18 MPH,Express Chi | Chicago Express Lane Status | Chicago Express Lane Status | Up to date information on the Chicago Kennedy Express lanes | Direction | Inbound | Travel Time | 16 minutes | 11 min avg | Increased by | 5 min | Speed | 19 MPH | Medium Congestion | 18 MPH slower than Local | Gateway traffic information courtesy of the
2026-05-11 17:12:16 UTC,Inbound,5 minutes,55,Uncongested,+12 MPH,Express Chi | Chicago Express Lane Status | Chicago Express Lane Status | Up to date information on the Chicago Kennedy Express lanes | Direction | Inbound | Travel Time | 5 minutes | 9 min avg | Decreased by | 4 min | Speed | 55 MPH | Uncongested | 12 MPH faster than Local | Gateway traffic information courtesy of the Illinoi
2026-05-11 19:09:32 UTC,Outbound,6 minutes,51,Light,+17 MPH,Express Chi | Chicago Express Lane Status | Chicago Express Lane Status | Up to date information on the Chicago Kennedy Express lanes | Direction | Outbound | Travel Time | 6 minutes | Data unavailable | Speed | 51 MPH | Light Congestion | 17 MPH faster than Local | Gateway traffic information courtesy of the Illinois Depa
2026-05-11 20:53:15 UTC,Outbound,17 minutes,17,unknown,+1 MPH,Express Chi | Chicago Express Lane Status | Chicago Express Lane Status | Up to date information on the Chicago Kennedy Express lanes | Direction | Outbound | Travel Time | 17 minutes | Data unavailable | Speed | 17 MPH | Medium Congestion | 1 MPH faster than Local | Gateway traffic information courtesy of the Illinois Dep
2026-05-11 22:02:59 UTC,Outbound,12 minutes,23,unknown,-1 MPH,Express Chi | Chicago Express Lane Status | Chicago Express Lane Status | Up to date information on the Chicago Kennedy Express lanes | Direction | Outbound | Travel Time | 12 minutes | Data unavailable | Speed | 23 MPH | Medium Congestion | 1 MPH slower than Local | Gateway traffic information courtesy of the Illinois Dep
2026-05-11 23:10:33 UTC,Outbound,6 minutes,46,Light,+8 MPH,Express Chi | Chicago Express Lane Status | Chicago Express Lane Status | Up to date information on the Chicago Kennedy Express lanes | Direction | Outbound | Travel Time | 6 minutes | Data unavailable | Speed | 46 MPH | Light Congestion | 8 MPH faster than Local | Gateway traffic information courtesy of the Illinois Depar
2026-05-12 00:09:16 UTC,Outbound,5 minutes,55,Uncongested,unavailable,Express Chi | Chicago Express Lane Status | Chicago Express Lane Status | Up to date information on the Chicago Kennedy Express lanes | Direction | Outbound | Travel Time | 5 minutes | Data unavailable | Speed | 55 MPH | Uncongested | Same as Local | Gateway traffic information courtesy of the Illinois Department of Transp
2026-05-12 04:03:42 UTC,Outbound,Data unavailable,unavailable,Closed,unavailable,Express Chi | Chicago Express Lane Status | Chicago Express Lane Status | Up to date information on the Chicago Kennedy Express lanes | Direction | Outbound | Travel Time | Data unavailable | Speed | Data unavailable | Note: | Express lanes may be closed or data is temporarily unavailable. Please check back later. | Gate
2026-05-12 06:47:11 UTC,Inbound,5 minutes,55,Uncongested,+1 MPH,Express Chi | Chicago Express Lane Status | Chicago Express Lane Status | Up to date information on the Chicago Kennedy Express lanes | Direction | Inbound | Travel Time | 5 minutes | 5 min avg | 0 min | Speed | 55 MPH | Uncongested | 1 MPH faster than Local | Gateway traffic information courtesy of the Illinois Department o
2026-05-12 09:33:16 UTC,unknown,unavailable,unavailable,Closed,unavailable,Express Chi | Chicago Express Lane Status | Chicago Express Lane Status | Up to date information on the Chicago Kennedy Express lanes | Status: | Closed | Gateway traffic information courtesy of the Illinois Department of Transportation | Made with ❤ by | Tësh
2026-05-12 11:33:37 UTC,Inbound,5 minutes,55,Uncongested,+15 MPH,Express Chi | Chicago Express Lane Status | Chicago Express Lane Status | Up to date information on the Chicago Kennedy Express lanes | Direction | Inbound | Travel Time | 5 minutes | 9 min avg | Decreased by | 4 min | Speed | 55 MPH | Uncongested | 15 MPH faster than Local | Gateway traffic information courtesy of the Illinoi
2026-05-12 13:24:28 UTC,Inbound,28 minutes,11,Heavy,+1 MPH,Express Chi | Chicago Express Lane Status | Chicago Express Lane Status | Up to date information on the Chicago Kennedy Express lanes | Direction | Inbound | Travel Time | 28 minutes | 15 min avg | Increased by | 13 min | Speed | 11 MPH | Heavy Congestion | 1 MPH faster than Local | Gateway traffic information courtesy of the 
2026-05-12 15:58:43 UTC,Inbound,Data unavailable,unavailable,Light,unavailable,Express Chi | Chicago Express Lane Status | Chicago Express Lane Status | Up to date information on the Chicago Kennedy Express lanes | Direction | Inbound | Travel Time | Data unavailable | Speed | Data unavailable | Light Congestion | Note: | Express lanes may be closed or data is temporarily unavailable. Please check 
2026-05-12 18:03:34 UTC,Inbound,Data unavailable,unavailable,Closed,unavailable,Express Chi | Chicago Express Lane Status | Chicago Express Lane Status | Up to date information on the Chicago Kennedy Express lanes | Direction | Inbound | Travel Time | Data unavailable | Speed | Data unavailable | Note: | Express lanes may be closed or data is temporarily unavailable. Please check back later. | Gatew
2026-05-12 20:06:20 UTC,Outbound,8 minutes,37,Light,+12 MPH,Express Chi | Chicago Express Lane Status | Chicago Express Lane Status | Up to date information on the Chicago Kennedy Express lanes | Direction | Outbound | Travel Time | 8 minutes | Data unavailable | Speed | 37 MPH | Light Congestion | 12 MPH faster than Local | Gateway traffic information courtesy of the Illinois Depa
2026-05-12 21:38:53 UTC,Outbound,13 minutes,23,unknown,+5 MPH,Express Chi | Chicago Express Lane Status | Chicago Express Lane Status | Up to date information on the Chicago Kennedy Express lanes | Direction | Outbound | Travel Time | 13 minutes | Data unavailable | Speed | 23 MPH | Medium Congestion | 5 MPH faster than Local | Gateway traffic information courtesy of the Illinois Dep
2026-05-12 22:44:09 UTC,Outbound,6 minutes,45,Light,+6 MPH,Express Chi | Chicago Express Lane Status | Chicago Express Lane Status | Up to date information on the Chicago Kennedy Express lanes | Direction | Outbound | Travel Time | 6 minutes | Data unavailable | Speed | 45 MPH | Light Congestion | 6 MPH faster than Local | Gateway traffic information courtesy of the Illinois Depar
2026-05-12 23:43:15 UTC,Outbound,5 minutes,55,Uncongested,unavailable,Express Chi | Chicago Express Lane Status | Chicago Express Lane Status | Up to date information on the Chicago Kennedy Express lanes | Direction | Outbound | Travel Time | 5 minutes | Data unavailable | Speed | 55 MPH | Uncongested | Same as Local | Gateway traffic information courtesy of the Illinois Department of Transp
2026-05-13 01:29:14 UTC,Outbound,4 minutes,55,Uncongested,unavailable,Express Chi | Chicago Express Lane Status | Chicago Express Lane Status | Up to date information on the Chicago Kennedy Express lanes | Direction | Outbound | Travel Time | 4 minutes | Data unavailable | Speed | 55 MPH | Uncongested | Same as Local | Gateway traffic information courtesy of the Illinois Department of Transp
2026-05-13 05:28:03 UTC,Outbound,Data unavailable,unavailable,Closed,unavailable,Express Chi | Chicago Express Lane Status | Chicago Express Lane Status | Up to date information on the Chicago Kennedy Express lanes | Direction | Outbound | Travel Time | Data unavailable | Speed | Data unavailable | Note: | Express lanes may be closed or data is temporarily unavailable. Please check back later. | Gate
2026-05-13 08:15:43 UTC,Inbound,4 minutes,55,Uncongested,+1 MPH,Express Chi | Chicago Express Lane Status | Chicago Express Lane Status | Up to date information on the Chicago Kennedy Express lanes | Direction | Inbound | Travel Time | 4 minutes | 5 min avg | Decreased by | 1 min | Speed | 55 MPH | Uncongested | 1 MPH faster than Local | Gateway traffic information courtesy of the Illinois
2026-05-13 11:03:45 UTC,Inbound,5 minutes,55,Uncongested,+1 MPH,Express Chi | Chicago Express Lane Status | Chicago Express Lane Status | Up to date information on the Chicago Kennedy Express lanes | Direction | Inbound | Travel Time | 5 minutes | 7 min avg | Decreased by | 2 min | Speed | 55 MPH | Uncongested | 1 MPH faster than Local | Gateway traffic information courtesy of the Illinois
2026-05-13 13:27:30 UTC,Inbound,28 minutes,11,Heavy,unavailable,Express Chi | Chicago Express Lane Status | Chicago Express Lane Status | Up to date information on the Chicago Kennedy Express lanes | Direction | Inbound | Travel Time | 28 minutes | 15 min avg | Increased by | 13 min | Speed | 11 MPH | Heavy Congestion | Same as Local | Gateway traffic information courtesy of the Illinois D
2026-05-13 16:01:07 UTC,Inbound,9 minutes,32,unknown,-2 MPH,Express Chi | Chicago Express Lane Status | Chicago Express Lane Status | Up to date information on the Chicago Kennedy Express lanes | Direction | Inbound | Travel Time | 9 minutes | 9 min avg | 0 min | Speed | 32 MPH | Medium Congestion | 2 MPH slower than Local | Gateway traffic information courtesy of the Illinois Depart
2026-05-13 18:14:13 UTC,Inbound,Data unavailable,unavailable,Closed,unavailable,Express Chi | Chicago Express Lane Status | Chicago Express Lane Status | Up to date information on the Chicago Kennedy Express lanes | Direction | Inbound | Travel Time | Data unavailable | Speed | Data unavailable | Note: | Express lanes may be closed or data is temporarily unavailable. Please check back later. | Gatew
2026-05-13 20:11:14 UTC,Outbound,15 minutes,19,unknown,unavailable,Express Chi | Chicago Express Lane Status | Chicago Express Lane Status | Up to date information on the Chicago Kennedy Express lanes | Direction | Outbound | Travel Time | 15 minutes | Data unavailable | Speed | 19 MPH | Medium Congestion | Same as Local | Gateway traffic information courtesy of the Illinois Department of
2026-05-13 21:43:47 UTC,Outbound,17 minutes,17,unknown,+1 MPH,Express Chi | Chicago Express Lane Status | Chicago Express Lane Status | Up to date information on the Chicago Kennedy Express lanes | Direction | Outbound | Travel Time | 17 minutes | Data unavailable | Speed | 17 MPH | Medium Congestion | 1 MPH faster than Local | Gateway traffic information courtesy of the Illinois Dep
2026-05-13 22:49:00 UTC,Outbound,10 minutes,29,unknown,+8 MPH,Express Chi | Chicago Express Lane Status | Chicago Express Lane Status | Up to date information on the Chicago Kennedy Express lanes | Direction | Outbound | Travel Time | 10 minutes | Data unavailable | Speed | 29 MPH | Medium Congestion | 8 MPH faster than Local | Gateway traffic information courtesy of the Illinois Dep
2026-05-13 23:52:24 UTC,Outbound,5 minutes,55,Uncongested,+2 MPH,Express Chi | Chicago Express Lane Status | Chicago Express Lane Status | Up to date information on the Chicago Kennedy Express lanes | Direction | Outbound | Travel Time | 5 minutes | Data unavailable | Speed | 55 MPH | Uncongested | 2 MPH faster than Local | Gateway traffic information courtesy of the Illinois Department
2026-05-14 02:43:59 UTC,Outbound,4 minutes,55,Uncongested,unavailable,Express Chi | Chicago Express Lane Status | Chicago Express Lane Status | Up to date information on the Chicago Kennedy Express lanes | Direction | Outbound | Travel Time | 4 minutes | Data unavailable | Speed | 55 MPH | Uncongested | Same as Local | Gateway traffic information courtesy of the Illinois Department of Transp
2026-05-14 06:03:42 UTC,Inbound,5 minutes,55,Uncongested,+1 MPH,Express Chi | Chicago Express Lane Status | Chicago Express Lane Status | Up to date information on the Chicago Kennedy Express lanes | Direction | Inbound | Travel Time | 5 minutes | 5 min avg | 0 min | Speed | 55 MPH | Uncongested | 1 MPH faster than Local | Gateway traffic information courtesy of the Illinois Department o
2026-05-14 08:49:40 UTC,Inbound,4 minutes,55,Uncongested,+1 MPH,Express Chi | Chicago Express Lane Status | Chicago Express Lane Status | Up to date information on the Chicago Kennedy Express lanes | Direction | Inbound | Travel Time | 4 minutes | 5 min avg | Decreased by | 1 min | Speed | 55 MPH | Uncongested | 1 MPH faster than Local | Gateway traffic information courtesy of the Illinois
2026-05-14 11:11:37 UTC,Inbound,4 minutes,55,Uncongested,+1 MPH,Express Chi | Chicago Express Lane Status | Chicago Express Lane Status | Up to date information on the Chicago Kennedy Express lanes | Direction | Inbound | Travel Time | 4 minutes | 7 min avg | Decreased by | 3 min | Speed | 55 MPH | Uncongested | 1 MPH faster than Local | Gateway traffic information courtesy of the Illinois
2026-05-14 13:04:06 UTC,Inbound,26 minutes,12,Heavy,-1 MPH,Express Chi | Chicago Express Lane Status | Chicago Express Lane Status | Up to date information on the Chicago Kennedy Express lanes | Direction | Inbound | Travel Time | 26 minutes | 16 min avg | Increased by | 10 min | Speed | 12 MPH | Heavy Congestion | 1 MPH slower than Local | Gateway traffic information courtesy of the 
2026-05-14 15:30:34 UTC,Inbound,20 minutes,15,Heavy,-5 MPH,Express Chi | Chicago Express Lane Status | Chicago Express Lane Status | Up to date information on the Chicago Kennedy Express lanes | Direction | Inbound | Travel Time | 20 minutes | 11 min avg | Increased by | 9 min | Speed | 15 MPH | Heavy Congestion | 5 MPH slower than Local | Gateway traffic information courtesy of the I
2026-05-14 17:25:27 UTC,Inbound,9 minutes,35,Light,unavailable,Express Chi | Chicago Express Lane Status | Chicago Express Lane Status | Up to date information on the Chicago Kennedy Express lanes | Direction | Inbound | Travel Time | 9 minutes | 9 min avg | 0 min | Speed | 35 MPH | Light Congestion | Same as Local | Gateway traffic information courtesy of the Illinois Department of Tra
2026-05-14 19:16:07 UTC,Outbound,13 minutes,22,unknown,-5 MPH,Express Chi | Chicago Express Lane Status | Chicago Express Lane Status | Up to date information on the Chicago Kennedy Express lanes | Direction | Outbound | Travel Time | 13 minutes | Data unavailable | Speed | 22 MPH | Medium Congestion | 5 MPH slower than Local | Gateway traffic information courtesy of the Illinois Dep
2026-05-14 20:51:36 UTC,Outbound,18 minutes,16,unknown,-1 MPH,Express Chi | Chicago Express Lane Status | Chicago Express Lane Status | Up to date information on the Chicago Kennedy Express lanes | Direction | Outbound | Travel Time | 18 minutes | Data unavailable | Speed | 16 MPH | Medium Congestion | 1 MPH slower than Local | Gateway traffic information courtesy of the Illinois Dep
2026-05-14 22:06:27 UTC,Outbound,13 minutes,23,unknown,+9 MPH,Express Chi | Chicago Express Lane Status | Chicago Express Lane Status | Up to date information on the Chicago Kennedy Express lanes | Direction | Outbound | Travel Time | 13 minutes | Data unavailable | Speed | 23 MPH | Medium Congestion | 9 MPH faster than Local | Gateway traffic information courtesy of the Illinois Dep
2026-05-14 23:11:05 UTC,Outbound,12 minutes,25,unknown,+5 MPH,Express Chi | Chicago Express Lane Status | Chicago Express Lane Status | Up to date information on the Chicago Kennedy Express lanes | Direction | Outbound | Travel Time | 12 minutes | Data unavailable | Speed | 25 MPH | Medium Congestion | 5 MPH faster than Local | Gateway traffic information courtesy of the Illinois Dep
2026-05-15 00:08:51 UTC,Outbound,6 minutes,53,Light,+11 MPH,Express Chi | Chicago Express Lane Status | Chicago Express Lane Status | Up to date information on the Chicago Kennedy Express lanes | Direction | Outbound | Travel Time | 6 minutes | Data unavailable | Speed | 53 MPH | Light Congestion | 11 MPH faster than Local | Gateway traffic information courtesy of the Illinois Depa
2026-05-15 04:16:18 UTC,Outbound,Data unavailable,unavailable,Closed,unavailable,Express Chi | Chicago Express Lane Status | Chicago Express Lane Status | Up to date information on the Chicago Kennedy Express lanes | Direction | Outbound | Travel Time | Data unavailable | Speed | Data unavailable | Note: | Express lanes may be closed or data is temporarily unavailable. Please check back later. | Gate
2026-05-15 07:39:45 UTC,Inbound,5 minutes,55,Uncongested,+1 MPH,Express Chi | Chicago Express Lane Status | Chicago Express Lane Status | Up to date information on the Chicago Kennedy Express lanes | Direction | Inbound | Travel Time | 5 minutes | 5 min avg | 0 min | Speed | 55 MPH | Uncongested | 1 MPH faster than Local | Gateway traffic information courtesy of the Illinois Department o
2026-05-15 10:04:55 UTC,unknown,unavailable,unavailable,Closed,unavailable,Express Chi | Chicago Express Lane Status | Chicago Express Lane Status | Up to date information on the Chicago Kennedy Express lanes | Status: | Closed | Gateway traffic information courtesy of the Illinois Department of Transportation | Made with ❤ by | Tësh
2026-05-15 12:06:16 UTC,Inbound,7 minutes,42,Light,+5 MPH,Express Chi | Chicago Express Lane Status | Chicago Express Lane Status | Up to date information on the Chicago Kennedy Express lanes | Direction | Inbound | Travel Time | 7 minutes | 11 min avg | Decreased by | 4 min | Speed | 42 MPH | Light Congestion | 5 MPH faster than Local | Gateway traffic information courtesy of the Il
2026-05-15 14:34:06 UTC,Inbound,10 minutes,29,unknown,-6 MPH,Express Chi | Chicago Express Lane Status | Chicago Express Lane Status | Up to date information on the Chicago Kennedy Express lanes | Direction | Inbound | Travel Time | 10 minutes | 10 min avg | 0 min | Speed | 29 MPH | Medium Congestion | 6 MPH slower than Local | Gateway traffic information courtesy of the Illinois Depa
2026-05-15 16:24:45 UTC,Inbound,8 minutes,39,Light,+11 MPH,Express Chi | Chicago Express Lane Status | Chicago Express Lane Status | Up to date information on the Chicago Kennedy Express lanes | Direction | Inbound | Travel Time | 8 minutes | 9 min avg | Decreased by | 1 min | Speed | 39 MPH | Light Congestion | 11 MPH faster than Local | Gateway traffic information courtesy of the Il
2026-05-15 17:59:42 UTC,Inbound,16 minutes,19,unknown,-4 MPH,Express Chi | Chicago Express Lane Status | Chicago Express Lane Status | Up to date information on the Chicago Kennedy Express lanes | Direction | Inbound | Travel Time | 16 minutes | 11 min avg | Increased by | 5 min | Speed | 19 MPH | Medium Congestion | 4 MPH slower than Local | Gateway traffic information courtesy of the 
2026-05-15 19:48:25 UTC,Outbound,17 minutes,18,unknown,+2 MPH,Express Chi | Chicago Express Lane Status | Chicago Express Lane Status | Up to date information on the Chicago Kennedy Express lanes | Direction | Outbound | Travel Time | 17 minutes | Data unavailable | Speed | 18 MPH | Medium Congestion | 2 MPH faster than Local | Gateway traffic information courtesy of the Illinois Dep
2026-05-15 20:56:22 UTC,Outbound,18 minutes,17,unknown,+1 MPH,Express Chi | Chicago Express Lane Status | Chicago Express Lane Status | Up to date information on the Chicago Kennedy Express lanes | Direction | Outbound | Travel Time | 18 minutes | Data unavailable | Speed | 17 MPH | Medium Congestion | 1 MPH faster than Local | Gateway traffic information courtesy of the Illinois Dep
2026-05-15 21:58:38 UTC,Outbound,16 minutes,18,unknown,+4 MPH,Express Chi | Chicago Express Lane Status | Chicago Express Lane Status | Up to date information on the Chicago Kennedy Express lanes | Direction | Outbound | Travel Time | 16 minutes | Data unavailable | Speed | 18 MPH | Medium Congestion | 4 MPH faster than Local | Gateway traffic information courtesy of the Illinois Dep
2026-05-15 22:59:25 UTC,Outbound,13 minutes,23,unknown,+3 MPH,Express Chi | Chicago Express Lane Status | Chicago Express Lane Status | Up to date information on the Chicago Kennedy Express lanes | Direction | Outbound | Travel Time | 13 minutes | Data unavailable | Speed | 23 MPH | Medium Congestion | 3 MPH faster than Local | Gateway traffic information courtesy of the Illinois Dep
2026-05-15 23:58:57 UTC,Inbound,Data unavailable,unavailable,Closed,unavailable,Express Chi | Chicago Express Lane Status | Chicago Express Lane Status | Up to date information on the Chicago Kennedy Express lanes | Direction | Inbound | Travel Time | Data unavailable | Speed | Data unavailable | Medium Congestion | Note: | Express lanes may be closed or data is temporarily unavailable. Please check
2026-05-16 03:40:25 UTC,Outbound,Data unavailable,unavailable,Closed,unavailable,Express Chi | Chicago Express Lane Status | Chicago Express Lane Status | Up to date information on the Chicago Kennedy Express lanes | Direction | Outbound | Travel Time | Data unavailable | Speed | Data unavailable | Note: | Express lanes may be closed or data is temporarily unavailable. Please check back later. | Gate
2026-05-16 06:13:02 UTC,Outbound,Data unavailable,unavailable,Closed,unavailable,Express Chi | Chicago Express Lane Status | Chicago Express Lane Status | Up to date information on the Chicago Kennedy Express lanes | Direction | Outbound | Travel Time | Data unavailable | Speed | Data unavailable | Note: | Express lanes may be closed or data is temporarily unavailable. Please check back later. | Gate
2026-05-16 08:19:38 UTC,unknown,unavailable,unavailable,Closed,unavailable,Express Chi | Chicago Express Lane Status | Chicago Express Lane Status | Up to date information on the Chicago Kennedy Express lanes | Status: | Closed | Gateway traffic information courtesy of the Illinois Department of Transportation | Made with ❤ by | Tësh
2026-05-16 09:54:44 UTC,unknown,unavailable,unavailable,Closed,unavailable,Express Chi | Chicago Express Lane Status | Chicago Express Lane Status | Up to date information on the Chicago Kennedy Express lanes | Status: | Closed | Gateway traffic information courtesy of the Illinois Department of Transportation | Made with ❤ by | Tësh
2026-05-16 10:59:01 UTC,unknown,unavailable,unavailable,Closed,unavailable,Express Chi | Chicago Express Lane Status | Chicago Express Lane Status | Up to date information on the Chicago Kennedy Express lanes | Status: | Closed | Gateway traffic information courtesy of the Illinois Department of Transportation | Made with ❤ by | Tësh
2026-05-16 11:55:50 UTC,unknown,unavailable,unavailable,Closed,unavailable,Express Chi | Chicago Express Lane Status | Chicago Express Lane Status | Up to date information on the Chicago Kennedy Express lanes | Status: | Closed | Gateway traffic information courtesy of the Illinois Department of Transportation | Made with ❤ by | Tësh
2026-05-16 13:16:46 UTC,unknown,unavailable,unavailable,Closed,unavailable,Express Chi | Chicago Express Lane Status | Chicago Express Lane Status | Up to date information on the Chicago Kennedy Express lanes | Status: | Closed | Gateway traffic information courtesy of the Illinois Department of Transportation | Made with ❤ by | Tësh
2026-05-16 14:38:37 UTC,unknown,unavailable,unavailable,Closed,unavailable,Express Chi | Chicago Express Lane Status | Chicago Express Lane Status | Up to date information on the Chicago Kennedy Express lanes | Status: | Closed | Gateway traffic information courtesy of the Illinois Department of Transportation | Made with ❤ by | Tësh
2026-05-16 15:39:43 UTC,unknown,unavailable,unavailable,Closed,unavailable,Express Chi | Chicago Express Lane Status | Chicago Express Lane Status | Up to date information on the Chicago Kennedy Express lanes | Status: | Closed | Gateway traffic information courtesy of the Illinois Department of Transportation | Made with ❤ by | Tësh
2026-05-16 16:36:22 UTC,Inbound,8 minutes,37,Light,+20 MPH,Express Chi | Chicago Express Lane Status | Chicago Express Lane Status | Up to date information on the Chicago Kennedy Express lanes | Direction | Inbound | Travel Time | 8 minutes | 10 min avg | Decreased by | 2 min | Speed | 37 MPH | Light Congestion | 20 MPH faster than Local | Gateway traffic information courtesy of the I
2026-05-16 17:39:29 UTC,Inbound,9 minutes,34,unknown,+20 MPH,Express Chi | Chicago Express Lane Status | Chicago Express Lane Status | Up to date information on the Chicago Kennedy Express lanes | Direction | Inbound | Travel Time | 9 minutes | 11 min avg | Decreased by | 2 min | Speed | 34 MPH | Medium Congestion | 20 MPH faster than Local | Gateway traffic information courtesy of the 
2026-05-16 18:39:27 UTC,Inbound,7 minutes,42,Light,+28 MPH,Express Chi | Chicago Express Lane Status | Chicago Express Lane Status | Up to date information on the Chicago Kennedy Express lanes | Direction | Inbound | Travel Time | 7 minutes | 12 min avg | Decreased by | 5 min | Speed | 42 MPH | Light Congestion | 28 MPH faster than Local | Gateway traffic information courtesy of the I
2026-05-16 19:46:24 UTC,Outbound,5 minutes,55,Uncongested,+6 MPH,Express Chi | Chicago Express Lane Status | Chicago Express Lane Status | Up to date information on the Chicago Kennedy Express lanes | Direction | Outbound | Travel Time | 5 minutes | Data unavailable | Speed | 55 MPH | Uncongested | 6 MPH faster than Local | Gateway traffic information courtesy of the Illinois Department
2026-05-16 20:40:44 UTC,Outbound,5 minutes,55,Uncongested,unavailable,Express Chi | Chicago Express Lane Status | Chicago Express Lane Status | Up to date information on the Chicago Kennedy Express lanes | Direction | Outbound | Travel Time | 5 minutes | Data unavailable | Speed | 55 MPH | Uncongested | Same as Local | Gateway traffic information courtesy of the Illinois Department of Transp
2026-05-16 21:33:29 UTC,Outbound,5 minutes,55,Uncongested,unavailable,Express Chi | Chicago Express Lane Status | Chicago Express Lane Status | Up to date information on the Chicago Kennedy Express lanes | Direction | Outbound | Travel Time | 5 minutes | Data unavailable | Speed | 55 MPH | Uncongested | Same as Local | Gateway traffic information courtesy of the Illinois Department of Transp
2026-05-16 22:28:41 UTC,Inbound,Data unavailable,unavailable,Closed,unavailable,Express Chi | Chicago Express Lane Status | Chicago Express Lane Status | Up to date information on the Chicago Kennedy Express lanes | Direction | Inbound | Travel Time | Data unavailable | Speed | Data unavailable | Note: | Express lanes may be closed or data is temporarily unavailable. Please check back later. | Gatew
2026-05-16 23:28:23 UTC,Inbound,27 minutes,11,Heavy,-1 MPH,Express Chi | Chicago Express Lane Status | Chicago Express Lane Status | Up to date information on the Chicago Kennedy Express lanes | Direction | Inbound | Travel Time | 27 minutes | 12 min avg | Increased by | 15 min | Speed | 11 MPH | Heavy Congestion | 1 MPH slower than Local | Gateway traffic information courtesy of the 
2026-05-17 01:24:34 UTC,Inbound,5 minutes,55,Uncongested,+21 MPH,Express Chi | Chicago Express Lane Status | Chicago Express Lane Status | Up to date information on the Chicago Kennedy Express lanes | Direction | Inbound | Travel Time | 5 minutes | 8 min avg | Decreased by | 3 min | Speed | 55 MPH | Uncongested | 21 MPH faster than Local | Gateway traffic information courtesy of the Illinoi
2026-05-17 05:06:35 UTC,Outbound,Data unavailable,unavailable,Closed,unavailable,Express Chi | Chicago Express Lane Status | Chicago Express Lane Status | Up to date information on the Chicago Kennedy Express lanes | Direction | Outbound | Travel Time | Data unavailable | Speed | Data unavailable | Note: | Express lanes may be closed or data is temporarily unavailable. Please check back later. | Gate
2026-05-17 07:43:43 UTC,Inbound,4 minutes,55,Uncongested,+1 MPH,Express Chi | Chicago Express Lane Status | Chicago Express Lane Status | Up to date information on the Chicago Kennedy Express lanes | Direction | Inbound | Travel Time | 4 minutes | 5 min avg | Decreased by | 1 min | Speed | 55 MPH | Uncongested | 1 MPH faster than Local | Gateway traffic information courtesy of the Illinois
2026-05-17 09:23:46 UTC,unknown,unavailable,unavailable,Closed,unavailable,Express Chi | Chicago Express Lane Status | Chicago Express Lane Status | Up to date information on the Chicago Kennedy Express lanes | Status: | Closed | Gateway traffic information courtesy of the Illinois Department of Transportation | Made with ❤ by | Tësh
2026-05-17 10:48:46 UTC,unknown,unavailable,unavailable,Closed,unavailable,Express Chi | Chicago Express Lane Status | Chicago Express Lane Status | Up to date information on the Chicago Kennedy Express lanes | Status: | Closed | Gateway traffic information courtesy of the Illinois Department of Transportation | Made with ❤ by | Tësh
